Barcelona v Man City_Next Goal_1426707900000_Barcelona19:45:00.992 , 1.3900000000000001
19:45:05.830 , 1.3900000000000001
19:45:10.872 , 1.3650000000000002
19:45:15.871 , 1.3650000000000002
19:45:20.850 , 1.3650000000000002
19:45:25.833 , 1.3650000000000002
19:45:31.046 , 1.3650000000000002
19:45:35.942 , 1.3650000000000002
19:45:40.882 , 1.3650000000000002
19:45:45.831 , 1.3650000000000002
19:45:50.876 , 1.3650000000000002
19:45:55.845 , 1.3650000000000002
19:46:00.857 , 1.3650000000000002
19:46:05.822 , 1.3650000000000002
19:46:10.837 , 1.385
19:46:15.827 , 1.385
19:46:20.850 , 1.385
19:46:25.854 , 1.385
19:46:30.821 , 1.385
19:46:35.834 , 1.385
19:46:40.872 , 1.385
19:46:45.826 , 1.385
19:46:50.914 , 1.385
19:46:55.853 , 1.385
19:47:00.824 , 1.385
19:47:05.895 , 1.385
19:47:10.843 , 1.385
19:47:15.830 , 1.385
19:47:20.833 , 1.385
19:47:25.876 , 1.385
19:47:30.837 , 1.385
19:47:45.832 , 1.38
19:47:50.837 , 1.375
19:47:55.837 , 1.375
19:48:00.832 , 1.385
19:48:05.843 , 1.385
19:48:10.837 , 1.385
19:48:15.981 , 1.38
19:48:20.918 , 1.38
19:48:25.837 , 1.38
19:48:30.843 , 1.38
19:48:35.839 , 1.38
19:48:40.859 , 1.385
19:48:45.835 , 1.385
19:48:50.832 , 1.385
19:48:55.838 , 1.385
19:49:00.844 , 1.385
19:49:05.845 , 1.385
19:49:10.834 , 1.385
19:49:15.843 , 1.385
19:49:20.842 , 1.385
19:49:25.853 , 1.385
19:49:30.846 , 1.385
19:49:35.846 , 1.385
19:49:40.969 , 1.385
19:49:45.851 , 1.385
19:49:50.874 , 1.385
19:49:55.852 , 1.385
19:50:00.834 , 1.385
19:50:05.842 , 1.385
19:50:10.872 , 1.385
19:50:15.858 , 1.385
19:50:20.903 , 1.385
19:50:25.854 , 1.385
19:50:30.853 , 1.385
19:50:35.865 , 1.3900000000000001
19:50:40.859 , 1.3900000000000001
19:50:45.865 , 1.385
19:50:50.862 , 1.385
19:50:55.863 , 1.385
19:51:00.918 , 1.385
19:51:05.874 , 1.385
19:51:10.852 , 1.385
19:51:15.854 , 1.385
19:51:20.898 , 1.385
19:51:25.858 , 1.385
19:51:30.862 , 1.385
19:51:35.855 , 1.385
19:51:40.859 , 1.385
19:51:45.866 , 1.385
19:51:50.867 , 1.385
19:51:55.862 , 1.385
19:52:00.859 , 1.385
19:52:05.869 , 1.385
19:52:10.855 , 1.385
19:52:15.868 , 1.385
19:52:20.847 , 1.385
19:52:25.870 , 1.385
19:52:30.877 , 1.385
19:52:35.863 , 1.385
19:52:40.860 , 1.385
19:52:45.869 , 1.385
19:52:50.856 , 1.385
19:52:55.863 , 1.385
19:53:05.851 , 450.675
19:53:10.863 , 1.395
19:53:15.879 , 1.395
19:53:20.865 , 1.3900000000000001
19:53:25.865 , 1.385
19:53:30.853 , 1.355
19:53:35.872 , 1.355
19:53:40.874 , 1.355
19:53:45.869 , 1.355
19:53:50.874 , 1.355
19:53:55.986 , 1.355
19:54:00.873 , 1.355
19:54:05.884 , 1.355
19:54:10.876 , 1.355
19:54:15.866 , 1.39
19:54:20.880 , 1.375
19:54:25.889 , 1.3900000000000001
19:54:30.866 , 1.3900000000000001
19:54:35.874 , 1.3900000000000001
19:54:40.892 , 1.3900000000000001
19:54:45.875 , 1.385
19:54:50.868 , 1.385
19:54:55.887 , 1.385
19:55:00.884 , 1.3900000000000001
19:55:05.870 , 1.3900000000000001
19:55:11.174 , 1.385
19:55:15.909 , 1.385
19:55:20.870 , 1.385
19:55:25.912 , 1.38
19:55:30.880 , 1.38
19:55:35.885 , 1.38
19:55:40.879 , 1.38
19:55:45.923 , 1.37
19:55:50.877 , 1.375
19:55:55.874 , 1.375
19:56:00.884 , 1.4
19:56:05.877 , 1.395
19:56:10.885 , 1.4249999999999998
19:56:15.879 , 1.41
19:56:20.878 , 1.41
19:56:25.889 , 1.41
19:56:30.949 , 1.395
19:56:36.075 , 1.395
19:56:40.948 , 1.3900000000000001
19:56:45.889 , 1.3900000000000001
19:56:50.881 , 1.3900000000000001
19:56:55.878 , 1.3900000000000001
19:57:00.900 , 1.3900000000000001
19:57:05.889 , 1.3900000000000001
19:57:10.881 , 1.3900000000000001
19:57:15.881 , 1.385
19:57:20.881 , 1.385
19:57:25.929 , 1.385
19:57:30.884 , 1.385
19:57:35.891 , 1.385
19:57:40.883 , 1.385
19:57:45.906 , 1.385
19:57:55.898 , 1.385
19:58:01.118 , 1.385
19:58:05.911 , 1.385
19:58:10.889 , 1.385
19:58:15.897 , 1.385
19:58:21.294 , 1.375
19:58:25.967 , 1.375
19:58:30.896 , 1.365
19:58:35.897 , 1.36
19:58:40.897 , 1.36
19:58:46.145 , 1.355
19:58:51.033 , 1.3650000000000002
19:58:55.894 , 1.3650000000000002
19:59:00.913 , 1.3650000000000002
19:59:06.187 , 1.3650000000000002
19:59:10.971 , 1.3650000000000002
19:59:16.633 , 1.3650000000000002
19:59:22.024 , 1.3650000000000002
19:59:26.685 , 1.3650000000000002
19:59:31.707 , 1.3650000000000002
19:59:37.038 , 1.3650000000000002
19:59:41.566 , 1.3650000000000002
19:59:46.820 , 1.3650000000000002
19:59:51.928 , 1.395
19:59:56.839 , 1.385
20:00:02.731 , 1.385
20:00:05.892 , 1.3650000000000002
20:00:10.894 , 1.3650000000000002
20:00:15.915 , 1.385
20:00:20.900 , 1.385
20:00:25.941 , 1.385
20:00:31.056 , 1.385
20:00:37.993 , 1.385
20:00:41.686 , 1.385
20:00:46.865 , 1.3900000000000001
20:00:52.072 , 1.3900000000000001
20:00:56.539 , 1.3900000000000001
20:01:02.086 , 1.3900000000000001
20:01:06.767 , 1.3900000000000001
20:01:11.754 , 1.3900000000000001
20:01:16.562 , 1.355
20:01:22.032 , 1.355
20:01:26.736 , 1.355
20:01:33.298 , 1.38
20:01:36.762 , 1.385
20:01:41.796 , 1.385
20:01:46.566 , 1.385
20:01:52.986 , 1.385
20:01:56.904 , 1.385
20:02:01.886 , 1.38
20:02:06.738 , 1.38
20:02:12.102 , 1.355
20:02:16.462 , 1.355
20:02:20.914 , 1.355
20:02:26.900 , 1.355
20:02:31.899 , 1.355
20:02:36.612 , 1.38
20:02:41.796 , 1.375
20:02:46.653 , 1.375
20:02:51.657 , 1.375
20:02:56.861 , 1.37
20:03:01.805 , 1.375
20:03:06.617 , 1.38
20:03:11.658 , 1.38
20:03:18.340 , 1.385
20:03:21.933 , 1.385
20:03:29.016 , 1.385
20:03:31.890 , 1.385
20:03:36.844 , 1.385
20:03:42.162 , 1.385
20:03:46.614 , 1.385
20:03:51.838 , 1.385
20:03:56.299 , 1.385
20:04:00.965 , 1.39
20:04:05.926 , 1.39
20:04:10.920 , 1.39
20:04:15.922 , 1.39
20:04:20.929 , 1.39
20:04:25.916 , 1.39
20:04:30.926 , 1.39
20:04:35.928 , 1.435
20:04:40.920 , 1.41
20:04:45.995 , 1.455
20:04:51.029 , 1.455
20:04:55.928 , 1.45
20:05:00.938 , 1.455
20:05:05.928 , 1.435
20:05:10.930 , 1.4249999999999998
20:05:16.396 , 1.42
20:05:21.901 , 1.4249999999999998
20:05:26.888 , 1.4249999999999998
20:05:31.688 , 1.4249999999999998
20:05:36.873 , 1.4249999999999998
20:05:41.786 , 1.4249999999999998
20:05:46.649 , 1.43
20:05:51.910 , 1.435
20:05:56.611 , 1.44
20:06:01.666 , 1.44
20:06:07.014 , 1.44
20:06:10.925 , 1.44
20:06:16.004 , 1.44
20:06:20.925 , 1.44
20:06:26.228 , 1.44
20:06:30.950 , 1.44
20:06:35.955 , 1.45
20:06:40.929 , 1.45
20:06:45.944 , 1.45
20:06:51.621 , 1.45
20:06:57.033 , 1.44
20:07:01.076 , 1.44
20:07:06.928 , 1.44
20:07:11.870 , 1.44
20:07:16.604 , 1.44
20:07:21.959 , 1.44
20:07:25.948 , 1.44
20:07:31.721 , 1.44
20:07:36.938 , 1.44
20:07:41.475 , 1.44
20:07:45.986 , 1.44
20:07:50.949 , 1.44
20:07:55.946 , 1.44
20:08:00.959 , 1.44
20:08:05.960 , 1.44
20:08:10.940 , 1.44
20:08:15.974 , 1.44
20:08:20.983 , 1.44
20:08:25.955 , 1.44
20:08:30.957 , 1.4449999999999998
20:08:35.945 , 1.4449999999999998
20:08:40.943 , 1.45
20:08:45.956 , 1.455
20:08:50.957 , 1.455
20:08:56.015 , 1.4649999999999999
20:09:00.954 , 1.475
20:09:06.018 , 1.475
20:09:10.949 , 1.475
20:09:15.949 , 1.475
20:09:20.949 , 1.475
20:09:25.987 , 1.475
20:09:31.880 , 1.475
20:09:36.346 , 1.475
20:09:40.961 , 1.475
20:09:45.958 , 1.475
20:09:51.713 , 1.475
20:09:56.542 , 1.47
20:10:01.939 , 1.47
20:10:05.961 , 1.47
20:10:11.012 , 1.4649999999999999
20:10:15.967 , 1.4649999999999999
20:10:21.582 , 1.4649999999999999
20:10:26.913 , 1.4649999999999999
20:10:31.904 , 1.4649999999999999
20:10:37.108 , 1.4649999999999999
20:10:41.921 , 1.4649999999999999
20:10:46.217 , 1.475
20:10:51.759 , 1.475
20:10:56.377 , 1.475
20:11:01.044 , 1.475
20:11:06.455 , 1.475
20:11:12.031 , 1.48
20:11:16.320 , 1.48
20:11:21.904 , 1.48
20:11:25.956 , 1.48
20:11:31.523 , 1.48
20:11:36.362 , 1.48
20:11:41.851 , 1.48
20:11:46.341 , 1.48
20:11:51.756 , 1.48
20:11:56.353 , 1.48
20:12:00.968 , 1.48
20:12:06.170 , 1.48
20:12:11.916 , 1.48
20:12:15.967 , 1.48
20:12:20.973 , 1.48
20:12:26.044 , 1.48
20:12:31.641 , 1.4649999999999999
20:12:37.008 , 1.4649999999999999
20:12:41.848 , 1.47
20:12:46.818 , 1.47
20:12:51.640 , 1.47
20:12:56.643 , 1.47
20:13:01.855 , 1.47
20:13:06.490 , 1.455
20:13:12.030 , 1.455
20:13:15.978 , 1.45
20:13:20.993 , 1.45
20:13:26.576 , 1.45
20:13:31.886 , 1.45
20:13:35.997 , 1.45
20:13:42.273 , 1.45
20:13:46.647 , 1.45
20:13:52.042 , 1.45
20:13:57.121 , 1.45
20:14:01.351 , 1.45
20:14:06.561 , 1.45
20:14:12.228 , 1.45
20:14:16.906 , 1.45
20:14:21.779 , 1.45
20:14:26.808 , 1.41
20:14:31.616 , 1.41
20:14:36.720 , 1.41
20:14:41.092 , 1.41
20:14:46.732 , 1.41
20:14:50.976 , 1.41
20:14:55.988 , 1.41
20:15:00.995 , 1.41
20:15:06.005 , 1.41
20:15:11.809 , 1.41
20:15:17.106 , 1.44
20:15:21.954 , 1.44
20:15:26.029 , 1.44
20:15:31.836 , 1.44
20:15:36.032 , 1.455
20:15:42.040 , 1.455
20:15:47.144 , 1.455
20:15:50.990 , 1.455
20:15:57.099 , 1.455
20:16:04.224 , 1.455
20:16:06.814 , 1.455
20:16:11.701 , 1.46
20:16:16.037 , 1.46
20:16:22.240 , 1.455
20:16:26.866 , 1.455
20:16:30.993 , 1.455
20:16:36.852 , 1.46
20:16:41.962 , 1.46
20:16:46.962 , 1.4649999999999999
20:16:53.405 , 1.4649999999999999
20:16:56.655 , 1.4649999999999999
20:17:02.035 , 1.4649999999999999
20:17:06.975 , 1.4649999999999999
20:17:11.579 , 1.4649999999999999
20:17:17.111 , 1.4649999999999999
20:17:22.065 , 1.46
20:17:27.020 , 1.46
20:17:31.670 , 1.46
20:17:36.899 , 1.46
20:17:42.111 , 1.46
20:17:46.570 , 1.46
20:17:51.784 , 1.46
20:17:59.710 , 1.46
20:18:01.839 , 1.46
20:18:07.001 , 1.46
20:18:11.018 , 1.46
20:18:16.007 , 1.46
20:18:21.541 , 1.46
20:18:26.697 , 450.715
20:18:31.818 , 450.715
20:18:36.075 , 450.715
20:18:41.075 , 450.715
20:18:46.115 , 450.715
20:18:51.008 , 450.715
20:18:56.701 , 450.715
20:19:26.032 , 1.835
20:19:31.030 , 1.54
20:19:36.026 , 1.525
20:19:41.025 , 1.525
20:19:46.026 , 1.52
20:19:51.026 , 1.5150000000000001
20:19:56.086 , 1.5150000000000001
20:20:02.056 , 1.5150000000000001
20:20:06.254 , 1.5150000000000001
20:20:11.019 , 1.525
20:20:16.048 , 1.525
20:20:21.066 , 1.525
20:20:26.849 , 1.525
20:20:31.720 , 1.53
20:20:37.016 , 1.525
20:20:42.030 , 1.525
20:20:46.784 , 1.525
20:20:52.242 , 1.525
20:20:56.023 , 1.52
20:21:02.005 , 1.52
20:21:06.406 , 1.52
20:21:11.657 , 1.455
20:21:16.756 , 1.435
20:21:21.182 , 1.45
20:21:26.376 , 1.455
20:21:32.093 , 1.415
20:21:36.809 , 1.455
20:21:41.529 , 1.455
20:21:47.064 , 1.45
20:21:51.891 , 1.455
20:21:56.974 , 1.4649999999999999
20:22:01.723 , 1.4649999999999999
20:22:06.686 , 1.46
20:22:11.898 , 1.4649999999999999
20:22:16.909 , 1.48
20:22:21.883 , 1.48
20:22:27.012 , 1.48
20:22:31.936 , 1.48
20:22:36.907 , 1.48
20:22:41.565 , 1.48
20:22:46.997 , 1.48
20:22:52.062 , 1.48
20:22:58.489 , 1.48
20:23:01.966 , 1.48
20:23:06.560 , 1.48
20:23:11.878 , 1.48
20:23:16.912 , 1.48
20:23:21.534 , 1.48
20:23:26.075 , 1.495
20:23:31.249 , 1.495
20:23:36.992 , 1.495
20:23:41.906 , 1.495
20:23:46.148 , 1.49
20:23:51.778 , 1.49
20:23:57.065 , 1.4649999999999999
20:24:01.871 , 1.4649999999999999
20:24:06.788 , 1.4649999999999999
20:24:11.952 , 1.4649999999999999
20:24:16.088 , 1.4649999999999999
20:24:21.632 , 1.4649999999999999
20:24:26.045 , 1.4649999999999999
20:24:31.071 , 1.4649999999999999
20:24:36.697 , 1.4649999999999999
20:24:41.055 , 1.4649999999999999
20:24:46.046 , 1.4649999999999999
20:24:51.116 , 1.46
20:24:56.082 , 1.455
20:25:01.435 , 1.4649999999999999
20:25:06.599 , 1.4649999999999999
20:25:11.747 , 1.4649999999999999
20:25:16.418 , 1.4649999999999999
20:25:21.169 , 1.49
20:25:26.651 , 1.49
20:25:31.554 , 1.495
20:25:36.199 , 1.49
20:25:41.057 , 1.495
20:25:46.918 , 1.49
20:25:52.058 , 1.4649999999999999
20:25:56.812 , 1.4649999999999999
20:26:01.824 , 1.4649999999999999
20:26:06.058 , 1.475
20:26:11.274 , 1.48
20:26:17.078 , 1.48
20:26:22.423 , 1.4849999999999999
20:26:27.522 , 1.49
20:26:31.752 , 1.49
20:26:36.853 , 1.49
20:26:42.075 , 1.49
20:26:47.132 , 1.49
20:26:51.856 , 1.49
20:26:56.838 , 1.49
20:27:01.897 , 1.49
20:27:06.721 , 1.49
20:27:11.883 , 1.475
20:27:16.558 , 1.475
20:27:21.680 , 1.475
20:27:26.729 , 1.475
20:27:31.302 , 1.475
20:27:36.995 , 1.475
20:27:41.548 , 1.45
20:27:46.743 , 1.44
20:27:51.912 , 1.44
20:27:56.086 , 1.44
20:28:01.667 , 1.44
20:28:06.779 , 1.44
20:28:11.080 , 1.44
20:28:16.885 , 1.4649999999999999
20:28:21.326 , 1.4649999999999999
20:28:26.727 , 1.4649999999999999
20:28:31.841 , 1.4649999999999999
20:28:36.838 , 1.4649999999999999
20:28:41.739 , 1.4649999999999999
20:28:46.995 , 1.4649999999999999
20:28:51.443 , 1.46
20:28:56.841 , 1.47
20:29:01.882 , 1.475
20:29:06.158 , 1.46
20:29:11.403 , 1.46
20:29:16.108 , 1.46
20:29:21.081 , 1.5
20:29:26.092 , 1.495
20:29:31.104 , 1.4849999999999999
20:29:36.156 , 1.4849999999999999
20:29:41.083 , 1.4849999999999999
20:29:46.213 , 1.4849999999999999
20:29:51.084 , 1.4849999999999999
20:29:56.083 , 1.48
20:30:01.090 , 1.4849999999999999
20:30:06.094 , 1.47
20:30:11.080 , 1.47
20:30:16.108 , 1.4649999999999999
20:30:21.108 , 1.4649999999999999
20:30:26.072 , 1.47
20:30:32.201 , 1.4649999999999999
20:30:36.079 , 1.4649999999999999
20:30:41.737 , 1.4649999999999999
20:30:46.977 , 1.4849999999999999
20:30:51.915 , 1.4849999999999999
20:30:56.411 , 1.4849999999999999
20:31:01.134 , 1.48
20:31:06.128 , 1.49
20:31:12.410 , 1.4849999999999999
20:31:16.210 , 1.4849999999999999
20:31:21.325 , 1.4849999999999999
20:31:26.088 , 1.475
20:31:31.760 , 1.475
20:31:36.685 , 1.475
20:31:41.952 , 1.48
20:31:46.103 , 1.48
20:31:51.094 , 1.48
20:31:56.157 , 1.48
20:32:01.090 , 1.48
20:32:06.104 , 1.48
20:32:12.014 , 1.49
20:32:16.190 , 1.5
20:32:21.749 , 1.47
20:32:26.807 , 1.525
20:32:31.806 , 1.5150000000000001
20:32:36.104 , 1.4849999999999999
20:32:56.310 , 1.48
20:33:01.095 , 1.48
20:33:06.756 , 1.48
20:33:11.512 , 1.49
20:33:16.777 , 1.5
20:33:21.102 , 1.5
20:33:26.107 , 1.5
20:33:31.098 , 1.505
20:33:37.103 , 1.505
20:33:41.821 , 1.505
20:33:46.103 , 1.505
20:33:51.182 , 1.505
20:33:56.245 , 1.505
20:34:01.958 , 1.505
20:34:07.594 , 1.505
20:34:11.955 , 1.4849999999999999
20:34:16.925 , 1.4849999999999999
20:34:22.153 , 1.4849999999999999
20:34:26.961 , 1.4849999999999999
20:34:31.761 , 1.4849999999999999
20:34:36.105 , 1.4849999999999999
20:34:41.550 , 1.4849999999999999
20:34:47.165 , 1.4849999999999999
20:34:51.118 , 1.4849999999999999
20:34:56.582 , 1.4849999999999999
20:35:01.926 , 1.4849999999999999
20:35:07.017 , 1.4849999999999999
20:35:12.202 , 1.4849999999999999
20:35:16.447 , 1.4849999999999999
20:35:21.112 , 1.4849999999999999
20:35:26.396 , 1.4849999999999999
20:35:31.741 , 1.48
20:35:36.970 , 1.48
20:35:41.561 , 1.48
20:35:47.232 , 1.48
20:35:52.263 , 1.48
20:35:56.925 , 1.48
20:36:01.935 , 1.49
20:36:06.303 , 1.49
20:36:11.876 , 1.49
20:36:16.637 , 1.49
20:36:21.818 , 1.49
20:36:26.895 , 1.49
20:36:32.205 , 1.49
20:36:36.135 , 1.49
20:36:41.957 , 1.49
20:36:46.234 , 1.49
20:36:52.480 , 1.49
20:36:57.475 , 1.49
20:37:02.602 , 1.49
20:37:07.049 , 1.49
20:37:11.526 , 1.49
20:37:16.901 , 1.49
20:37:22 , 1.49
20:37:27.105 , 1.49
20:37:32.060 , 1.49
20:37:37.112 , 1.49
20:37:41.773 , 1.49
20:37:46.136 , 1.49
20:37:53.322 , 1.49
20:37:56.897 , 1.49
20:38:02.086 , 1.49
20:38:06.710 , 1.49
20:38:11.160 , 1.49
20:38:17.058 , 1.49
20:38:21.598 , 1.49
20:38:26.126 , 1.49
20:38:34.559 , 1.475
20:38:36.125 , 1.475
20:38:42.116 , 1.475
20:38:46.186 , 1.475
20:38:51.121 , 1.475
20:38:56.124 , 1.475
20:39:01.980 , 1.475
20:39:06.663 , 1.475
20:39:12.765 , 1.475
20:39:17.263 , 1.49
20:39:22.076 , 1.49
20:39:26.767 , 1.49
20:39:31.747 , 1.49
20:39:36.658 , 1.49
20:39:41.982 , 1.49
20:39:46.946 , 1.49
20:39:52.260 , 1.49
20:39:57.491 , 1.49
20:40:01.738 , 1.49
20:40:07.238 , 1.495
20:40:12.087 , 1.495
20:40:16.854 , 1.495
20:40:21.950 , 1.49
20:40:26.701 , 1.49
20:40:32.207 , 1.49
20:40:37.231 , 1.49
20:40:42.175 , 1.4849999999999999
20:40:46.239 , 1.4849999999999999
20:40:53.184 , 1.4849999999999999
20:40:57.935 , 1.4849999999999999
20:41:02.234 , 1.4849999999999999
20:41:06.623 , 1.4849999999999999
20:41:11.943 , 1.4849999999999999
20:41:18.504 , 1.4849999999999999
20:41:21.470 , 1.4849999999999999
20:41:27.538 , 1.4849999999999999
20:41:32.523 , 1.4849999999999999
20:41:37.108 , 1.4849999999999999
20:41:42.145 , 1.4849999999999999
20:41:46.815 , 1.4849999999999999
20:41:52.491 , 1.4849999999999999
20:41:57.682 , 1.4849999999999999
20:42:02.078 , 1.495
20:42:07.152 , 1.495
20:42:13.856 , 1.495
20:42:17.844 , 1.495
20:42:22.121 , 1.495
20:42:27.181 , 1.495
20:42:31.419 , 1.495
20:42:36.666 , 1.49
20:42:42.439 , 1.49
20:42:46.803 , 1.49
20:42:51.877 , 1.49
20:42:56.364 , 1.49
20:43:01.611 , 1.49
20:43:06.889 , 1.49
20:43:11.858 , 1.49
20:43:16.149 , 1.49
20:43:21.581 , 1.4849999999999999
20:43:26.389 , 1.48
20:43:31.485 , 1.48
20:43:36.168 , 1.48
20:43:41.970 , 1.48
20:43:46.734 , 1.48
20:43:51.538 , 1.48
20:43:56.944 , 1.48
20:44:02.057 , 1.48
20:44:07.081 , 1.48
20:44:11.740 , 1.48
20:44:16.172 , 1.475
20:44:22.099 , 1.475
20:44:27.129 , 1.475
20:44:32.364 , 1.475
20:44:36.193 , 1.475
20:44:41.363 , 1.47
20:44:47.311 , 1.47
20:44:52.114 , 1.47
20:44:57.255 , 1.47
20:45:02.540 , 1.47
20:45:06.190 , 1.47
20:45:11.924 , 1.47
20:45:17.079 , 1.47
20:45:22.172 , 1.47
20:45:26.192 , 1.47
20:45:32.267 , 1.47
20:45:37.100 , 1.47
20:45:41.814 , 1.47
20:45:47.480 , 1.47
20:45:52.247 , 1.47
20:45:56.190 , 1.47
20:46:02.496 , 1.4649999999999999
20:46:06.851 , 1.4649999999999999
20:46:11.919 , 1.4649999999999999
20:46:16.182 , 1.4649999999999999
20:46:22.432 , 1.4649999999999999
20:46:26.707 , 1.455
20:46:32.048 , 1.48
20:46:37.171 , 1.48
20:46:41.276 , 1.475
20:46:47.414 , 1.47
20:46:53.186 , 1.47
20:46:59.692 , 1.48
20:47:01.978 , 1.48
20:47:07.133 , 1.48
20:47:11.476 , 1.48
20:47:17.442 , 1.48
20:47:22.704 , 1.48
20:47:26.199 , 1.48
20:47:32.228 , 1.48
20:47:37.862 , 1.48
20:47:42.619 , 1.48
20:47:47.644 , 1.48
20:47:52.094 , 1.48
20:47:57.344 , 1.48
20:48:01.589 , 1.48
20:48:06.835 , 1.48
20:48:11.962 , 1.48
20:48:17.299 , 1.48
20:48:21.888 , 1.48
20:48:27.024 , 1.48
20:48:31.831 , 1.455
20:48:37.076 , 1.475
20:48:42.157 , 1.455
20:48:47.005 , 1.47
20:48:52.399 , 1.47
20:48:56.938 , 1.47
20:49:02.206 , 1.475
20:49:07.524 , 1.475
20:49:12.812 , 1.495
20:49:17.391 , 1.495
20:49:22.684 , 1.495
20:49:27.172 , 1.495
20:49:32.319 , 1.495
20:49:37.420 , 1.4849999999999999
20:49:43.309 , 1.48
20:49:47.952 , 1.48
20:49:51.761 , 1.475
20:49:57.367 , 1.48
20:50:03.050 , 1.48
20:50:07.783 , 1.48
20:50:12.690 , 1.4849999999999999
20:50:16.335 , 1.475
20:50:21.492 , 1.49
20:50:26.189 , 1.495
20:50:31.530 , 1.495
20:50:36.771 , 1.495
20:50:41.930 , 1.495
20:50:46.836 , 1.49
20:50:52.040 , 1.4849999999999999
20:50:56.757 , 1.49
20:51:01.791 , 1.49
20:51:07.027 , 1.49
20:51:11.230 , 1.4849999999999999
20:51:16.240 , 1.475
20:51:21.271 , 1.49
20:51:27.538 , 1.475
20:51:31.224 , 1.475
20:51:36.225 , 1.475
20:51:41.285 , 1.49
20:51:48.053 , 1.475
20:51:51.227 , 1.4849999999999999
20:51:56.224 , 1.4849999999999999
20:52:01.237 , 1.4849999999999999
20:52:06.330 , 1.475
20:52:11.247 , 1.49
20:52:16.234 , 1.505
20:52:21.227 , 1.49
20:52:26.251 , 1.49
20:52:31.913 , 1.49
20:52:36.226 , 1.4849999999999999
20:52:41.234 , 1.49
20:52:46.331 , 1.49
20:52:51.217 , 1.495
20:52:56.241 , 1.505
20:53:01.247 , 1.495
20:53:06.213 , 1.5
20:53:11.209 , 1.495
20:53:16.220 , 1.495
20:53:21.221 , 1.505
20:53:26.215 , 1.495
20:53:31.226 , 1.505
20:53:36.221 , 1.495
20:53:41.741 , 1.495
20:53:46.358 , 1.51
20:53:51.237 , 1.525
20:53:56.224 , 1.5350000000000001
20:54:01.236 , 1.525
20:54:06.255 , 1.545
20:54:11.221 , 1.5150000000000001
20:54:16.243 , 1.5150000000000001
20:54:21.265 , 1.5150000000000001
20:54:26.222 , 1.5150000000000001
20:54:31.214 , 1.495
20:54:36.220 , 1.51
20:54:41.293 , 1.51
20:54:46.427 , 1.51
20:54:51.368 , 1.5150000000000001
20:54:56.217 , 1.5150000000000001
20:55:01.261 , 1.52
20:55:06.219 , 1.52
20:55:11.229 , 1.52
20:55:16.425 , 1.5150000000000001
20:55:21.240 , 1.5150000000000001
20:55:26.230 , 1.52
20:55:31.305 , 1.52
20:55:36.223 , 1.52
20:55:41.253 , 1.5350000000000001
20:55:46.389 , 1.55
20:55:51.234 , 1.565
20:55:56.232 , 1.565
20:56:01.227 , 1.565
20:56:06.348 , 1.57
20:56:11.295 , 1.585
20:56:16.222 , 1.585
20:56:21.286 , 1.605
20:56:26.251 , 1.605
20:56:31.242 , 1.59
20:56:36.253 , 1.625
20:56:41.257 , 1.6099999999999999
20:56:46.459 , 1.6
20:56:51.264 , 1.6
20:56:56.270 , 1.5550000000000002
20:57:01.255 , 1.56
20:57:06.246 , 1.55
20:57:11.252 , 1.55
20:57:16.241 , 1.5550000000000002
20:57:21.254 , 1.56
20:57:26.251 , 1.5750000000000002
20:57:31.342 , 1.56
20:57:36.421 , 1.56
20:57:41.281 , 1.56
20:57:46.457 , 1.56
20:57:51.239 , 1.56
20:57:56.255 , 1.56
20:58:01.246 , 1.56
20:58:06.316 , 1.56
20:58:11.258 , 1.56
20:58:16.272 , 1.56
20:58:21.325 , 1.56
20:58:26.287 , 1.56
20:58:31.270 , 1.56
20:58:36.263 , 1.585
20:58:41.316 , 1.585
20:58:46.513 , 1.585
20:58:51.293 , 1.585
20:58:56.352 , 1.6099999999999999
20:59:01.428 , 1.6099999999999999
20:59:06.273 , 1.6099999999999999
20:59:11.302 , 1.6099999999999999
20:59:16.307 , 1.6099999999999999
20:59:21.282 , 1.6
20:59:26.296 , 1.585
20:59:31.286 , 1.585
20:59:36.265 , 1.6
20:59:41.315 , 1.6
20:59:46.274 , 1.62
20:59:52.395 , 1.635
20:59:57.223 , 1.635
21:00:02.194 , 1.6400000000000001
21:00:07.256 , 1.6400000000000001
21:00:12.190 , 1.6400000000000001
21:00:16.956 , 1.6400000000000001
21:00:24.294 , 1.6400000000000001
21:00:27.394 , 1.6400000000000001
21:00:32.392 , 1.6400000000000001
21:00:37.236 , 1.6400000000000001
21:00:41.765 , 1.6400000000000001
21:00:46.757 , 1.6400000000000001
21:00:53.630 , 1.62
21:00:56.266 , 1.62
21:01:01.284 , 1.62
21:01:07.214 , 1.62
21:01:12.156 , 1.62
21:01:17.224 , 1.62
21:01:22.158 , 1.62
21:01:26.271 , 1.63
21:01:31.281 , 1.64
21:01:37.123 , 1.645
21:01:41.272 , 1.645
21:01:47.875 , 1.66
21:01:51.282 , 1.6400000000000001
21:01:56.848 , 1.65
21:02:01.539 , 1.7
21:02:07.483 , 1.67
21:02:12.176 , 1.68
21:02:18.266 , 1.67
21:02:21.638 , 1.625
21:02:27.163 , 1.6749999999999998
21:02:32.517 , 1.67
21:02:37.838 , 1.665
21:02:41.442 , 1.665
21:02:47.901 , 1.665
21:02:53.354 , 1.67
21:02:57.319 , 1.67
21:03:02.621 , 1.68
21:03:08.767 , 1.68
21:03:13.647 , 1.68
21:03:17.987 , 1.665
21:03:23.116 , 1.6749999999999998
21:03:27.536 , 1.68
21:03:32.989 , 1.68
21:03:37.349 , 1.68
21:03:42.889 , 1.68
21:03:47.196 , 1.685
21:03:52.316 , 1.685
21:03:57.527 , 1.685
21:04:03.107 , 1.685
21:04:07.246 , 1.685
21:04:12.144 , 1.685
21:04:17.842 , 1.685
21:04:22.312 , 1.685
21:04:27.648 , 1.685
21:04:31.407 , 1.69
21:04:36.482 , 1.705
21:04:41.288 , 1.7
21:04:46.957 , 1.6949999999999998
21:04:51.285 , 1.69
21:04:56.273 , 1.6949999999999998
21:05:01.815 , 1.69
21:05:06.519 , 1.69
21:05:11.294 , 1.705
21:05:16.649 , 1.7
21:05:21.313 , 1.7
21:05:27.343 , 1.7
21:05:32.268 , 1.705
21:05:36.293 , 1.705
21:05:41.285 , 1.705
21:05:46.279 , 1.705
21:05:51.395 , 1.725
21:05:56.497 , 1.74
21:06:01.310 , 1.745
21:06:07.238 , 1.745
21:06:11.290 , 1.7650000000000001
21:06:16.310 , 1.745
21:06:21.316 , 1.745
21:06:26.310 , 1.745
21:06:31.880 , 1.745
21:06:36.291 , 1.745
21:06:41.768 , 1.755
21:06:46.491 , 1.755
21:06:52.325 , 1.75
21:06:57.149 , 1.72
21:07:01.556 , 1.725
21:07:07.033 , 1.755
21:07:11.522 , 1.725
21:07:16.592 , 1.76
21:07:22.306 , 1.7650000000000001
21:07:26.810 , 1.7650000000000001
21:07:32.416 , 1.77
21:07:36.828 , 1.8050000000000002
21:07:42.950 , 1.78
21:07:47.166 , 1.78
21:07:52.727 , 1.775
21:07:58.187 , 1.7650000000000001
21:08:02.770 , 1.77
21:08:07.119 , 1.77
21:08:12.274 , 1.75
21:08:17.459 , 1.745
21:08:22.085 , 1.745
21:08:29.149 , 1.74
21:08:32.300 , 1.74
21:08:39.152 , 1.745
21:08:42.434 , 1.7349999999999999
21:08:47.441 , 1.745
21:08:52.167 , 1.76
21:09:00.147 , 1.745
21:09:02.083 , 1.745
21:09:10.099 , 1.77
21:09:12.477 , 1.775
21:09:16.985 , 1.795
21:09:22.112 , 1.8
21:09:27.045 , 1.79
21:09:32.317 , 1.8
21:09:36.836 , 1.8050000000000002
21:09:42.296 , 1.8050000000000002
21:09:47.116 , 1.82
21:09:51.764 , 1.8250000000000002
21:09:57.689 , 1.8250000000000002
21:10:02.010 , 1.855
21:10:06.616 , 1.85
21:10:11.323 , 1.855
21:10:17.176 , 1.855
21:10:22.062 , 1.88
21:10:27.550 , 1.875
21:10:31.462 , 1.875
21:10:37.019 , 1.875
21:10:41.315 , 1.875
21:10:47.015 , 1.875
21:10:52.532 , 1.87
21:10:56.955 , 1.87
21:11:02.652 , 1.865
21:11:07.065 , 1.865
21:11:12.420 , 1.865
21:11:17.623 , 1.865
21:11:22.400 , 1.865
21:11:26.911 , 1.87
21:11:32.204 , 1.87
21:11:36.914 , 1.87
21:11:42.367 , 1.8599999999999999
21:11:47.396 , 1.855
21:11:52.751 , 1.855
21:11:57.080 , 1.855
21:12:01.365 , 1.865
21:12:08.276 , 1.875
21:12:12.730 , 1.875
21:12:17.159 , 1.875
21:12:23.082 , 1.885
21:12:27.356 , 1.885
21:12:32.150 , 1.885
21:12:37.265 , 1.89
21:12:42.830 , 1.91
21:12:47.828 , 1.91
21:12:52.728 , 1.9049999999999998
21:12:57.800 , 1.9049999999999998
21:13:03.967 , 1.9
21:13:07.277 , 1.9
21:13:12.713 , 1.915
21:13:17.930 , 1.92
21:13:22.741 , 1.92
21:13:28.479 , 1.9049999999999998
21:13:33.772 , 1.9049999999999998
21:13:38.062 , 1.915
21:13:44.089 , 1.915
21:13:48.459 , 1.9049999999999998
21:13:51.886 , 1.9049999999999998
21:13:58.430 , 1.9049999999999998
21:14:02.491 , 1.9049999999999998
21:14:08.626 , 1.885
21:14:13.023 , 1.91
21:14:18.001 , 1.91
21:14:22.792 , 1.9249999999999998
21:14:28.234 , 1.935
21:14:32.298 , 1.9849999999999999
21:14:37.731 , 1.93
21:14:42.186 , 1.94
21:14:47.593 , 1.9649999999999999
21:14:52.031 , 1.97
21:14:57.506 , 1.97
21:15:02.670 , 1.97
21:15:08.139 , 1.975
21:15:12.558 , 1.9649999999999999
21:15:17.153 , 1.9649999999999999
21:15:22.350 , 1.9649999999999999
21:15:27.374 , 1.9649999999999999
21:15:32.249 , 1.935
21:15:37.052 , 1.9649999999999999
21:15:41.366 , 1.96
21:15:46.371 , 1.935
21:15:51.357 , 1.96
21:15:56.943 , 1.9449999999999998
21:16:01.826 , 1.94
21:16:07.404 , 1.94
21:16:12.840 , 1.97
21:16:18.174 , 1.9649999999999999
21:16:22.238 , 1.9849999999999999
21:16:27.423 , 1.9849999999999999
21:16:31.470 , 1.9849999999999999
21:16:36.362 , 1.9849999999999999
21:16:42.335 , 1.975
21:16:46.407 , 1.9649999999999999
21:16:53.110 , 1.96
21:16:56.405 , 1.96
21:17:02.751 , 1.96
21:17:06.388 , 1.9649999999999999
21:17:13.752 , 1.98
21:17:17.994 , 1.9849999999999999
21:17:22.316 , 2.01
21:17:27.703 , 2.0
21:17:32.872 , 2.05
21:17:38.041 , 2.0700000000000003
21:17:42.946 , 2.0700000000000003
21:17:47.856 , 2.09
21:17:53.174 , 2.1100000000000003
21:17:57.745 , 2.09
21:18:02.364 , 2.09
21:18:07.965 , 2.08
21:18:13.096 , 2.08
21:18:18.507 , 2.08
21:18:22.574 , 2.0700000000000003
21:18:29.244 , 2.06
21:18:32.798 , 2.12
21:18:38.667 , 2.12
21:18:42.851 , 2.14
21:18:46.403 , 2.1100000000000003
21:18:52.626 , 2.1100000000000003
21:18:57.705 , 2.16
21:19:04.023 , 2.16
21:19:08.327 , 2.17
21:19:12.147 , 2.17
21:19:17.707 , 2.18
21:19:21.432 , 2.18
21:19:26.391 , 2.2199999999999998
21:19:31.424 , 2.23
21:19:37.170 , 2.2199999999999998
21:19:42.819 , 2.2199999999999998
21:19:46.403 , 2.29
21:19:51.401 , 451.11
21:19:57.338 , 451.11
21:20:01.806 , 451.11
21:20:06.471 , 451.11
21:20:14.652 , 451.11
21:20:17.854 , 451.11
21:20:23.046 , 451.11
21:20:27.263 , 451.11
21:20:32.615 , 451.11
21:20:37.139 , 451.11
21:20:41.596 , 451.11
21:20:47.414 , 451.11
21:20:52.980 , 451.11
21:20:56.432 , 451.11
21:21:02.215 , 2.21
21:21:06.406 , 2.37
21:21:11.689 , 2.33
21:21:17.737 , 2.31
21:21:21.404 , 2.44
21:21:28 , 2.44
21:21:33.532 , 2.41
21:21:36.381 , 2.5
21:21:42.510 , 2.4699999999999998
21:21:46.388 , 2.33
21:21:53.116 , 2.4299999999999997
21:21:56.776 , 2.37
21:22:01.980 , 2.41
21:22:07.292 , 2.38
21:22:11.542 , 2.42
21:22:16.994 , 2.45
21:22:22.830 , 2.49
21:22:26.462 , 2.45
21:22:32.975 , 2.46
21:22:37.610 , 2.46
21:22:42.819 , 2.41
21:22:47.829 , 2.4699999999999998
21:22:51.636 , 2.44
21:22:57.704 , 2.56
21:23:02.653 , 451.24
21:23:07.342 , 2.63
21:23:12.199 , 2.62
21:23:17.429 , 2.62
21:23:22.615 , 2.63
21:23:27.334 , 2.58
21:23:32.835 , 2.58
21:23:37.679 , 2.62
21:23:43.151 , 2.62
21:23:48.017 , 2.67
21:23:55.772 , 2.68
21:23:57.604 , 2.71
21:24:01.850 , 2.71
21:24:07.874 , 2.75
21:24:11.783 , 2.76
21:24:17.252 , 2.8200000000000003
21:24:22.467 , 2.8200000000000003
21:24:27.752 , 2.83
21:24:32.677 , 2.8200000000000003
21:24:37.548 , 2.79
21:24:42.313 , 2.8
21:24:47.786 , 2.71
21:24:52.671 , 2.8
21:24:57.192 , 2.8
21:25:05.210 , 2.81
21:25:07.478 , 2.68
21:25:13.301 , 2.66
21:25:18.044 , 2.66
21:25:21.967 , 2.63
21:25:27.172 , 2.63
21:25:32.273 , 2.6100000000000003
21:25:36.392 , 2.6100000000000003
21:25:41.459 , 2.6100000000000003
21:25:46.413 , 2.6100000000000003
21:25:52.325 , 2.6100000000000003
21:25:58.073 , 2.6100000000000003
21:26:01.780 , 2.6900000000000004
21:26:08.124 , 2.9349999999999996
21:26:11.736 , 3.125
21:26:16.442 , 3.45
21:26:22.800 , 3.625
21:26:27.209 , 451.875
21:26:31.425 , 3.7750000000000004
21:26:36.457 , 3.6
21:26:41.406 , 3.4
21:26:47.522 , 3.3
21:26:53.861 , 3.25
21:26:57.289 , 3.175
21:27:02.218 , 3.25
21:27:07.849 , 3.1500000000000004
21:27:13.044 , 3.425
21:27:17.218 , 3.375
21:27:22.885 , 3.375
21:27:26.464 , 3.375
21:27:31.479 , 3.375
21:27:36.426 , 3.325
21:27:42.196 , 3.375
21:27:46.589 , 3.4
21:27:51.446 , 3.425
21:27:56.421 , 3.5999999999999996
21:28:01.420 , 3.55
21:28:06.434 , 3.6
21:28:11.643 , 3.6
21:28:16.415 , 3.65
21:28:21.420 , 3.6500000000000004
21:28:26.924 , 3.475
21:28:31.421 , 3.475
21:28:36.904 , 3.575
21:28:41.444 , 3.55
21:28:46.437 , 3.625
21:28:52.382 , 3.625
21:28:56.915 , 3.575
21:29:02.118 , 3.625
21:29:07.113 , 3.625
21:29:11.566 , 3.7249999999999996
21:29:17.092 , 3.7249999999999996
21:29:21.967 , 3.9499999999999997
21:29:26.440 , 4.0
21:29:31.445 , 451.825
21:29:42.631 , 451.975
21:29:46.444 , 4.575
21:29:51.457 , 4.575
21:29:56.443 , 4.575
21:30:03.103 , 4.575
21:30:06.434 , 4.325
21:30:11.430 , 4.075
21:30:16.421 , 4.325
21:30:21.424 , 4.325
21:30:26.445 , 4.325
21:30:31.572 , 4.325
21:30:36.541 , 3.975
21:30:41.438 , 4.3
21:30:46.434 , 4.3
21:30:51.445 , 4.3
21:30:56.519 , 4.3
21:31:01.450 , 4.35
21:31:16.426 , 5.25
21:31:21.438 , 29.8
21:31:26.487 , 29.85
21:31:31.462 , 29.85
21:31:56.432 , 29.025
21:32:01.617 , 29.025
21:32:06.439 , 29.025
21:32:36.450 , 29.9
21:32:41.499 , 29.9
21:32:46.448 , 29.025
21:32:51.425 , 30.2
21:32:56.484 , 30.2
21:33:01.432 , 30.2
21:33:06.447 , 30.2
21:33:11.443 , 30.25
21:33:16.498 , 30.25
21:33:26.542 , 452.75
21:33:31.434 , 452.7
21:33:36.453 , 452.85
21:33:41.441 , 452.85
21:33:46.434 , 452.85
21:33:51.435 , 452.85
21:33:56.441 , 452.85
21:34:01.447 , 387.85
21:34:06.443 , 387.85
21:34:26.455 , 452.85
21:34:31.452 , 452.85
21:34:56.467 , 452.85
21:35:01.474 , 452.85
21:35:06.481 , 452.85
21:35:26.475 , 452.85
21:35:31.476 , 452.85
21:35:36.477 , 452.85
21:35:41.494 , 452.85
