Liverpool v Man Utd_Next Goal_1427031000000_Man Utd13:30:01.061 , 2.51
13:30:05.900 , 2.51
13:30:10.906 , 2.51
13:30:15.938 , 0
13:30:20.895 , 2.975
13:30:25.918 , 0
13:30:30.946 , 2.6100000000000003
13:30:35.920 , 2.6100000000000003
13:30:40.958 , 2.6100000000000003
13:30:46.061 , 2.59
13:30:50.885 , 2.58
13:30:55.878 , 2.58
13:31:00.956 , 2.58
13:31:05.929 , 2.58
13:31:10.912 , 2.58
13:31:15.934 , 2.58
13:31:20.888 , 2.58
13:31:25.924 , 2.58
13:31:30.942 , 2.58
13:31:35.948 , 2.58
13:31:40.953 , 2.56
13:31:45.926 , 2.52
13:31:51.013 , 2.52
13:31:55.945 , 2.48
13:32:01.045 , 2.49
13:32:05.987 , 2.48
13:32:11.102 , 2.48
13:32:15.932 , 2.5300000000000002
13:32:20.897 , 2.5300000000000002
13:32:25.926 , 2.5300000000000002
13:32:30.912 , 2.5300000000000002
13:32:35.888 , 2.52
13:32:40.944 , 2.5
13:32:45.929 , 2.5
13:32:50.886 , 2.5
13:32:55.957 , 2.5
13:33:00.950 , 2.5
13:33:05.882 , 2.49
13:33:10.918 , 2.5
13:33:15.938 , 2.45
13:33:20.896 , 2.46
13:33:26.072 , 2.46
13:33:30.956 , 2.46
13:33:36.005 , 2.46
13:33:40.927 , 2.5
13:33:45.944 , 2.51
13:33:50.890 , 2.52
13:33:55.932 , 2.52
13:34:00.939 , 2.5700000000000003
13:34:05.895 , 2.5300000000000002
13:34:10.934 , 2.5
13:34:15.998 , 2.5
13:34:20.940 , 2.5
13:34:25.919 , 2.5
13:34:30.928 , 2.52
13:34:35.894 , 2.52
13:34:42.148 , 2.52
13:34:45.925 , 2.52
13:34:51.002 , 2.52
13:34:55.959 , 2.52
13:35:01.029 , 2.52
13:35:05.899 , 2.52
13:35:10.989 , 2.52
13:35:15.969 , 2.52
13:35:20.908 , 2.52
13:35:25.928 , 2.52
13:35:30.930 , 2.52
13:35:35.899 , 2.52
13:35:40.940 , 2.52
13:35:45.922 , 2.52
13:35:50.907 , 2.52
13:35:55.939 , 2.52
13:36:00.932 , 2.52
13:36:05.930 , 2.52
13:36:10.934 , 2.52
13:36:16.058 , 2.52
13:36:21.014 , 2.52
13:36:25.935 , 2.52
13:36:31.086 , 2.52
13:36:35.910 , 2.54
13:36:40.942 , 2.54
13:36:45.958 , 2.54
13:36:50.918 , 2.54
13:36:55.946 , 2.54
13:37:00.935 , 2.54
13:37:05.912 , 2.54
13:37:10.938 , 2.54
13:37:15.981 , 2.54
13:37:20.916 , 2.54
13:37:25.936 , 2.54
13:37:30.942 , 2.54
13:37:35.974 , 2.54
13:37:41.062 , 2.54
13:37:45.941 , 2.55
13:37:50.942 , 2.52
13:37:55.923 , 2.5
13:38:00.936 , 2.42
13:38:05.925 , 2.52
13:38:10.918 , 2.49
13:38:15.937 , 2.49
13:38:20.930 , 2.46
13:38:25.929 , 2.41
13:38:30.948 , 2.4299999999999997
13:38:35.924 , 2.4299999999999997
13:38:40.926 , 2.51
13:38:45.952 , 2.51
13:38:50.920 , 2.5300000000000002
13:38:56.046 , 2.5300000000000002
13:39:01.062 , 2.5300000000000002
13:39:06.058 , 2.5300000000000002
13:39:10.937 , 2.5300000000000002
13:39:15.921 , 2.5300000000000002
13:39:20.943 , 2.5300000000000002
13:39:25.961 , 2.5300000000000002
13:39:30.947 , 2.52
13:39:35.963 , 2.5300000000000002
13:39:40.939 , 2.5300000000000002
13:39:45.922 , 2.5300000000000002
13:39:50.923 , 2.5300000000000002
13:39:55.931 , 2.5300000000000002
13:40:00.968 , 2.5300000000000002
13:40:05.958 , 2.5300000000000002
13:40:10.953 , 2.5300000000000002
13:40:15.941 , 2.52
13:40:21.087 , 2.52
13:40:25.983 , 2.52
13:40:30.962 , 2.52
13:40:35.933 , 2.52
13:40:40.948 , 2.56
13:40:45.961 , 2.54
13:40:50.939 , 2.55
13:40:55.942 , 2.55
13:41:00.939 , 2.54
13:41:05.949 , 2.54
13:41:10.935 , 2.54
13:41:16.032 , 2.51
13:41:20.956 , 2.54
13:41:25.954 , 2.54
13:41:30.958 , 2.51
13:41:35.932 , 2.54
13:41:40.964 , 2.56
13:41:46.010 , 2.56
13:41:51.183 , 2.56
13:41:55.941 , 2.5700000000000003
13:42:00.961 , 2.5700000000000003
13:42:05.930 , 2.5700000000000003
13:42:10.949 , 2.5700000000000003
13:42:16.008 , 2.5700000000000003
13:42:20.942 , 2.5700000000000003
13:42:25.984 , 2.5700000000000003
13:42:30.938 , 2.5700000000000003
13:42:35.932 , 2.5700000000000003
13:42:40.990 , 2.5700000000000003
13:42:45.946 , 2.5700000000000003
13:42:50.941 , 2.5700000000000003
13:42:55.979 , 2.5700000000000003
13:43:00.964 , 2.54
13:43:05.948 , 2.54
13:43:10.983 , 2.56
13:43:16.116 , 0
13:43:22.295 , 0
13:43:25.942 , 0
13:43:30.969 , 0
13:43:35.940 , 0
13:43:40.956 , 0
13:43:45.938 , 0
13:43:50.935 , 0
13:43:55.963 , 0
13:44:00.938 , 2.84
13:44:05.944 , 2.815
13:44:10.974 , 2.815
13:44:15.944 , 2.815
13:44:20.946 , 2.82
13:44:25.994 , 2.82
13:44:30.954 , 2.82
13:44:36.270 , 2.865
13:44:41.075 , 2.79
13:44:45.955 , 2.775
13:44:50.960 , 2.85
13:44:55.955 , 2.895
13:45:00.993 , 2.85
13:45:05.956 , 2.85
13:45:10.994 , 2.84
13:45:15.971 , 2.79
13:45:20.975 , 2.7800000000000002
13:45:26.029 , 2.66
13:45:30.989 , 2.66
13:45:35.958 , 2.7199999999999998
13:45:40.981 , 2.71
13:45:46.094 , 2.7
13:45:50.952 , 2.7
13:45:56.085 , 2.71
13:46:00.953 , 2.76
13:46:06.048 , 2.76
13:46:11.005 , 2.76
13:46:15.969 , 2.7
13:46:20.980 , 2.74
13:46:25.980 , 2.74
13:46:30.963 , 2.74
13:46:35.968 , 2.74
13:46:40.974 , 2.74
13:46:46.006 , 2.74
13:46:50.976 , 2.74
13:46:55.972 , 2.74
13:47:00.962 , 2.73
13:47:05.963 , 2.69
13:47:10.966 , 2.69
13:47:15.972 , 2.69
13:47:21.075 , 2.69
13:47:26.044 , 2.62
13:47:31.111 , 2.62
13:47:35.966 , 2.62
13:47:40.996 , 2.62
13:47:45.971 , 2.62
13:47:50.968 , 2.62
13:47:55.971 , 2.62
13:48:00.977 , 2.62
13:48:06.007 , 2.63
13:48:10.983 , 2.63
13:48:16.020 , 2.63
13:48:21.178 , 2.7
13:48:25.973 , 2.7
13:48:30.993 , 2.71
13:48:35.990 , 2.71
13:48:41.073 , 2.7199999999999998
13:48:46.058 , 2.73
13:48:51.134 , 2.73
13:48:56.002 , 2.73
13:49:00.973 , 2.7199999999999998
13:49:05.976 , 2.7199999999999998
13:49:10.980 , 2.73
13:49:15.992 , 2.76
13:49:20.977 , 2.77
13:49:26.016 , 2.75
13:49:30.986 , 2.73
13:49:35.992 , 2.73
13:49:41.012 , 2.68
13:49:46.055 , 2.68
13:49:50.993 , 2.6500000000000004
13:49:56.010 , 2.68
13:50:01.027 , 2.68
13:50:05.994 , 2.68
13:50:11.047 , 2.68
13:50:16.134 , 2.68
13:50:20.986 , 2.68
13:50:26.002 , 2.68
13:50:31.069 , 2.71
13:50:35.987 , 2.66
13:50:41.012 , 2.71
13:50:46.221 , 2.71
13:50:51.021 , 2.71
13:50:55.996 , 2.71
13:51:01.013 , 2.71
13:51:06.008 , 2.71
13:51:11.008 , 2.74
13:51:16.008 , 2.75
13:51:21.003 , 2.73
13:51:25.997 , 2.73
13:51:31.007 , 2.73
13:51:36 , 2.73
13:51:41.151 , 2.73
13:51:46.073 , 2.73
13:51:50.988 , 2.73
13:51:55.997 , 2.75
13:52:01.053 , 2.75
13:52:06.173 , 2.75
13:52:10.993 , 2.75
13:52:16.082 , 2.75
13:52:21.002 , 2.75
13:52:26.038 , 2.75
13:52:30.999 , 2.75
13:52:36.004 , 2.75
13:52:40.991 , 2.75
13:52:46.015 , 2.75
13:52:51.032 , 2.75
13:52:56.004 , 2.73
13:53:01.078 , 2.74
13:53:06.176 , 2.74
13:53:11.089 , 2.74
13:53:16.024 , 2.74
13:53:21.004 , 2.74
13:53:26.009 , 2.74
13:53:31.044 , 2.74
13:53:36 , 2.74
13:53:41.004 , 2.6500000000000004
13:53:46.004 , 2.67
13:53:51.032 , 2.74
13:53:56.033 , 2.74
13:54:01.008 , 2.74
13:54:06.007 , 2.74
13:54:11.043 , 2.74
13:54:16.042 , 2.74
13:54:21.013 , 2.74
13:54:26.088 , 2.73
13:54:31.008 , 2.73
13:54:36.002 , 2.73
13:54:41.039 , 2.73
13:54:46.037 , 2.73
13:54:51.011 , 2.7199999999999998
13:54:56.016 , 2.7199999999999998
13:55:01.042 , 2.7199999999999998
13:55:06.031 , 2.7199999999999998
13:55:11.024 , 2.71
13:55:16.013 , 2.73
13:55:21.069 , 2.74
13:55:26.025 , 2.74
13:55:31.013 , 2.74
13:55:36.033 , 2.74
13:55:41.073 , 2.74
13:55:46.196 , 2.74
13:55:51.095 , 2.74
13:55:56.236 , 2.7199999999999998
13:56:01.038 , 2.63
13:56:06.065 , 2.74
13:56:11.021 , 2.74
13:56:16.023 , 2.75
13:56:21.037 , 2.6100000000000003
13:56:26.078 , 2.6100000000000003
13:56:31.043 , 2.6100000000000003
13:56:36.025 , 2.6100000000000003
13:56:41.151 , 2.6100000000000003
13:56:46.067 , 2.6
13:56:51.023 , 2.6100000000000003
13:56:56.069 , 2.6100000000000003
13:57:01.027 , 2.6100000000000003
13:57:06.044 , 2.6100000000000003
13:57:11.182 , 2.63
13:57:16.130 , 2.6100000000000003
13:57:21.204 , 2.6100000000000003
13:57:26.040 , 2.6100000000000003
13:57:31.047 , 2.6100000000000003
13:57:36.048 , 2.72
13:57:41.096 , 2.73
13:57:46.057 , 2.72
13:57:51.037 , 2.72
13:57:56.058 , 2.71
13:58:01.097 , 2.72
13:58:06.031 , 2.71
13:58:11.056 , 2.71
13:58:16.032 , 2.66
13:58:21.023 , 2.71
13:58:26.085 , 2.71
13:58:31.040 , 2.72
13:58:36.424 , 2.72
13:58:41.071 , 2.72
13:58:46.065 , 2.72
13:58:51.038 , 2.72
13:58:56.053 , 2.72
13:59:01.064 , 2.6900000000000004
13:59:06.063 , 2.72
13:59:11.067 , 2.72
13:59:16.038 , 2.72
13:59:21.038 , 2.72
13:59:26.078 , 2.72
13:59:31.038 , 2.72
13:59:36.051 , 2.72
13:59:41.072 , 2.72
13:59:46.058 , 2.6900000000000004
13:59:51.060 , 2.7300000000000004
13:59:56.048 , 2.76
14:00:01.112 , 2.76
14:00:06.163 , 2.76
14:00:11.058 , 2.76
14:00:16.054 , 2.76
14:00:21.038 , 2.76
14:00:26.043 , 2.76
14:00:31.037 , 2.76
14:00:36.053 , 2.7199999999999998
14:00:41.082 , 2.76
14:00:46.047 , 2.76
14:00:51.071 , 2.76
14:00:56.083 , 2.76
14:01:01.095 , 2.76
14:01:06.134 , 2.76
14:01:11.081 , 2.76
14:01:16.076 , 2.76
14:01:21.056 , 2.7199999999999998
14:01:26.107 , 2.77
14:01:31.054 , 2.77
14:01:36.048 , 2.77
14:01:41.110 , 2.77
14:01:46.057 , 2.77
14:01:51.046 , 2.77
14:01:56.188 , 2.77
14:02:01.092 , 2.79
14:02:06.074 , 2.74
14:02:11.061 , 2.79
14:02:16.059 , 2.79
14:02:21.066 , 2.79
14:02:26.054 , 2.79
14:02:31.093 , 2.79
14:02:36.055 , 2.79
14:02:41.058 , 2.79
14:02:46.065 , 2.79
14:02:51.088 , 2.75
14:02:56.180 , 2.8499999999999996
14:03:01.058 , 2.88
14:03:06.076 , 2.88
14:03:11.068 , 2.87
14:03:16.060 , 2.88
14:03:21.068 , 2.87
14:03:26.068 , 2.88
14:03:31.073 , 2.88
14:03:36.067 , 2.81
14:03:41.097 , 2.8
14:03:46.070 , 2.88
14:03:51.064 , 2.88
14:03:56.079 , 2.8899999999999997
14:04:01.075 , 2.8899999999999997
14:04:06.106 , 2.8899999999999997
14:04:11.082 , 2.8899999999999997
14:04:16.071 , 2.88
14:04:24.071 , 2.79
14:04:26.072 , 2.7800000000000002
14:04:31.083 , 2.8899999999999997
14:04:36.103 , 2.8899999999999997
14:04:41.072 , 2.9
14:04:46.076 , 2.9
14:04:51.106 , 2.9
14:04:56.079 , 2.8899999999999997
14:05:01.083 , 2.8899999999999997
14:05:06.258 , 2.8899999999999997
14:05:11.294 , 2.87
14:05:16.077 , 2.9
14:05:21.075 , 2.91
14:05:26.124 , 2.91
14:05:31.194 , 2.9
14:05:36.120 , 2.9
14:05:41.162 , 2.9
14:05:46.210 , 2.9
14:05:51.072 , 2.9
14:05:56.110 , 2.87
14:06:01.084 , 2.91
14:06:06.077 , 2.91
14:06:11.089 , 2.91
14:06:16.162 , 2.91
14:06:21.154 , 2.91
14:06:26.092 , 2.91
14:06:31.090 , 2.91
14:06:36.149 , 2.91
14:06:41.074 , 2.91
14:06:46.116 , 2.96
14:06:51.095 , 2.965
14:06:56.100 , 2.9749999999999996
14:07:01.246 , 2.9749999999999996
14:07:06.184 , 2.9749999999999996
14:07:11.195 , 2.9749999999999996
14:07:16.114 , 3.0
14:07:21.115 , 3.0
14:07:26.101 , 3.05
14:07:31.089 , 3.025
14:07:36.092 , 3.075
14:07:42.123 , 3.075
14:07:46.158 , 3.075
14:07:51.753 , 3.05
14:07:56.086 , 3.05
14:08:01.085 , 2.9749999999999996
14:08:06.111 , 2.965
14:08:11.149 , 2.965
14:08:16.135 , 2.965
14:08:21.094 , 2.95
14:08:26.119 , 2.95
14:08:31.146 , 2.95
14:08:36.211 , 2.95
14:08:41.138 , 2.95
14:08:46.098 , 2.95
14:08:51.157 , 2.95
14:08:56.105 , 2.95
14:09:01.110 , 2.9299999999999997
14:09:06.103 , 2.9299999999999997
14:09:11.134 , 2.9299999999999997
14:09:16.113 , 2.9299999999999997
14:09:21.116 , 2.9299999999999997
14:09:26.168 , 2.9299999999999997
14:09:31.188 , 2.9299999999999997
14:09:36.106 , 2.9299999999999997
14:09:41.142 , 2.9299999999999997
14:09:46.713 , 3.06
14:09:52.186 , 3.045
14:09:58.720 , 3.045
14:10:01.346 , 3.045
14:10:06.222 , 3.045
14:10:11.120 , 3.045
14:10:16.167 , 3.045
14:10:21.109 , 3.045
14:10:26.180 , 3.045
14:10:31.123 , 3.065
14:10:36.118 , 3.075
14:10:41.148 , 3.075
14:10:46.264 , 3.075
14:10:51.110 , 3.075
14:10:56.125 , 3.075
14:11:01.126 , 3.075
14:11:06.126 , 3.075
14:11:11.123 , 3.075
14:11:16.114 , 3.0999999999999996
14:11:21.301 , 3.0999999999999996
14:11:26.107 , 3.0999999999999996
14:11:31.246 , 3.0999999999999996
14:11:36.160 , 3.0999999999999996
14:11:41.159 , 3.0999999999999996
14:11:46.134 , 3.0999999999999996
14:11:51.153 , 3.0999999999999996
14:11:56.134 , 3.0999999999999996
14:12:01.111 , 3.0999999999999996
14:12:06.139 , 3.125
14:12:11.187 , 3.1
14:12:16.121 , 3.1
14:12:21.529 , 3.1
14:12:26.112 , 3.125
14:12:31.122 , 3.125
14:12:36.115 , 3.125
14:12:41.346 , 3.1
14:12:46.322 , 3.125
14:12:51.235 , 3.125
14:12:56.200 , 3.125
14:13:01.124 , 3.125
14:13:06.132 , 3.125
14:13:11.138 , 3.125
14:13:16.117 , 3.125
14:13:21.141 , 3.125
14:13:26.125 , 3.125
14:13:31.120 , 3.125
14:13:36.114 , 3.15
14:13:41.231 , 3.15
14:13:46.582 , 3.15
14:13:51.123 , 3.15
14:13:56.141 , 3.15
14:14:01.125 , 3.125
14:14:06.163 , 3.125
14:14:12.589 , 3.15
14:14:16.191 , 3.15
14:14:21.407 , 3.15
14:14:26.159 , 3.15
14:14:31.130 , 3.15
14:14:36.133 , 3.15
14:14:41.135 , 3.125
14:14:46.131 , 3.125
14:14:51.134 , 3.15
14:14:56.135 , 3.125
14:15:01.212 , 3.125
14:15:06.139 , 3.125
14:15:11.150 , 3.125
14:15:16.140 , 3.125
14:15:21.154 , 3.125
14:15:26.138 , 3.125
14:15:31.145 , 3.125
14:15:36.132 , 3.125
14:15:41.132 , 3.125
14:15:46.400 , 3.125
14:15:51.157 , 3.125
14:15:56.172 , 3.125
14:16:01.165 , 3.125
14:16:06.139 , 3.125
14:16:11.160 , 3.125
14:16:16.149 , 3.125
14:16:21.151 , 3.125
14:16:26.133 , 3.125
14:16:31.215 , 3.125
14:16:36.141 , 3.125
14:16:41.151 , 3.125
14:16:46.142 , 3.15
14:16:51.147 , 3.15
14:16:56.134 , 3.15
14:17:01.220 , 3.175
14:17:06.135 , 3.2
14:17:11.268 , 3.2
14:17:16.149 , 3.2
14:17:21.175 , 3.2
14:17:26.157 , 3.2
14:17:31.142 , 3.2
14:17:36.159 , 3.2
14:17:41.134 , 3.2
14:17:46.181 , 3.25
14:17:51.143 , 3.25
14:17:56.142 , 3.25
14:18:01.142 , 3.25
14:18:06.141 , 3.25
14:18:11.199 , 3.25
14:18:16.165 , 3.25
14:18:21.157 , 3.25
14:18:26.216 , 3.25
14:18:31.146 , 3.25
14:18:36.300 , 3.25
14:18:41.181 , 3.25
14:18:46.183 , 3.25
14:18:51.173 , 3.25
14:18:56.174 , 3.25
14:19:01.147 , 3.25
14:19:06.158 , 3.25
14:19:11.149 , 3.25
14:19:16.155 , 3.25
14:19:21.171 , 3.25
14:19:26.170 , 3.25
14:19:31.149 , 3.25
14:19:36.160 , 3.25
14:19:41.197 , 3.25
14:19:46.159 , 3.25
14:19:51.185 , 3.25
14:19:56.798 , 3.25
14:20:01.228 , 3.25
14:20:06.258 , 3.25
14:20:11.166 , 3.25
14:20:16.168 , 3.25
14:20:21.187 , 3.25
14:20:26.194 , 3.25
14:20:31.241 , 3.25
14:20:36.157 , 3.25
14:20:41.188 , 3.25
14:20:46.158 , 3.25
14:20:51.191 , 3.25
14:20:56.164 , 3.25
14:21:01.189 , 3.25
14:21:06.189 , 3.25
14:21:11.164 , 3.25
14:21:16.156 , 3.25
14:21:21.220 , 3.25
14:21:26.231 , 3.25
14:21:31.279 , 3.25
14:21:36.252 , 3.25
14:21:41.170 , 3.25
14:21:46.173 , 3.25
14:21:51.167 , 3.25
14:21:56.166 , 3.25
14:22:01.219 , 3.25
14:22:06.211 , 3.25
14:22:11.308 , 3.25
14:22:16.172 , 3.25
14:22:21.164 , 3.25
14:22:26.202 , 3.25
14:22:31.362 , 3.25
14:22:36.165 , 3.25
14:22:41.197 , 3.25
14:22:46.287 , 3.25
14:22:51.250 , 3.25
14:22:56.308 , 3.25
14:23:01.182 , 3.25
14:23:06.171 , 3.25
14:23:11.191 , 3.25
14:23:16.170 , 3.25
14:23:21.207 , 3.25
14:23:26.171 , 3.25
14:23:31.171 , 3.25
14:23:36.185 , 3.25
14:23:41.203 , 3.25
14:23:46.842 , 3.25
14:23:51.184 , 3.25
14:23:56.181 , 3.25
14:24:01.175 , 3.25
14:24:06.181 , 3.25
14:24:11.292 , 3.275
14:24:16.216 , 3.275
14:24:21.314 , 3.275
14:24:26.201 , 3.275
14:24:31.229 , 3.275
14:24:36.198 , 3.275
14:24:41.201 , 3.275
14:24:46.189 , 3.275
14:24:51.180 , 3.275
14:24:56.187 , 3.275
14:25:01.209 , 3.275
14:25:06.230 , 3.275
14:25:11.224 , 3.275
14:25:16.189 , 3.275
14:25:21.183 , 3.275
14:25:26.210 , 3.275
14:25:31.231 , 3.275
14:25:36.210 , 3.2249999999999996
14:25:41.333 , 3.2
14:25:46.448 , 3.2
14:25:51.193 , 3.2
14:25:56.383 , 3.2
14:26:01.214 , 3.2
14:26:06.202 , 3.2
14:26:11.227 , 3.2
14:26:16.729 , 3.2
14:26:21.222 , 3.2
14:26:26.196 , 3.2
14:26:31.461 , 3.2
14:26:36.195 , 3.2
14:26:41.294 , 3.2
14:26:46.203 , 3.2
14:26:51.193 , 3.2
14:26:56.210 , 3.2
14:27:01.212 , 3.2
14:27:06.405 , 3.2
14:27:11.359 , 3.125
14:27:16.187 , 3.125
14:27:21.255 , 3.125
14:27:26.191 , 3.125
14:27:31.206 , 3.125
14:27:36.240 , 3.125
14:27:41.314 , 3.125
14:27:46.280 , 3.125
14:27:51.233 , 3.125
14:27:56.207 , 3.125
14:28:01.525 , 3.125
14:28:06.233 , 3.125
14:28:11.205 , 3.125
14:28:16.210 , 3.125
14:28:21.201 , 3.125
14:28:26.221 , 3.125
14:28:31.367 , 3.125
14:28:36.321 , 3.125
14:28:41.243 , 3.125
14:28:46.214 , 3.125
14:28:51.225 , 3.125
14:28:56.384 , 3.125
14:29:01.257 , 3.125
14:29:06.242 , 3.125
14:29:11.218 , 3.125
14:29:16.238 , 3.125
14:29:21.216 , 3.125
14:29:26.236 , 3.125
14:29:31.499 , 3.125
14:29:36.222 , 3.125
14:29:41.222 , 3.125
14:29:46.253 , 3.125
14:29:51.265 , 3.125
14:29:56.238 , 3.125
14:30:01.340 , 3.125
14:30:06.235 , 3.125
14:30:11.230 , 3.125
14:30:16.217 , 3.125
14:30:21.235 , 3.125
14:30:26.253 , 3.125
14:30:31.261 , 3.125
14:30:36.241 , 3.125
14:30:41.295 , 3.125
14:30:46.236 , 3.125
14:30:51.227 , 3.125
14:30:56.307 , 3.125
14:31:01.217 , 3.125
14:31:06.225 , 3.125
14:31:11.272 , 3.125
14:31:16.223 , 3.125
14:31:21.367 , 3.125
14:31:26.284 , 3.125
14:31:31.225 , 3.125
14:31:36.239 , 3.1
14:31:41.230 , 3.1
14:31:46.297 , 3.1
14:31:51.225 , 3.1
14:31:56.353 , 3.1
14:32:01.313 , 3.1
14:32:06.254 , 3.1
14:32:11.258 , 3.1
14:32:16.239 , 3.1
14:32:21.380 , 3.1
14:32:26.255 , 3.1
14:32:31.253 , 3.08
14:32:37.279 , 3.09
14:32:41.228 , 3.09
14:32:46.352 , 3.1
14:32:51.374 , 3.1
14:32:56.265 , 3.1
14:33:01.255 , 3.1
14:33:06.260 , 3.1
14:33:11.261 , 3.09
14:33:16.230 , 0
14:33:21.429 , 0
14:33:26.245 , 0
14:33:31.287 , 0
14:33:36.265 , 0
14:33:41.273 , 0
14:33:46.279 , 0
14:33:51.230 , 0
14:33:56.227 , 0
14:34:01.230 , 0
14:34:06.239 , 0
14:34:11.319 , 0
14:34:16.377 , 0
14:34:21.254 , 0
14:34:26.231 , 0
14:34:31.243 , 2.3449999999999998
14:34:36.266 , 2.21
14:34:41.267 , 2.215
14:34:46.261 , 2.215
14:34:51.242 , 2.215
14:34:56.235 , 2.2399999999999998
14:35:01.295 , 2.245
14:35:06.244 , 2.3200000000000003
14:35:11.288 , 2.24
14:35:16.253 , 2.245
14:35:21.236 , 2.25
14:35:26.244 , 2.25
14:35:31.242 , 2.255
14:35:36.543 , 2.26
14:35:41.251 , 2.265
14:35:46.241 , 2.12
14:35:51.517 , 2.125
14:35:56.307 , 2.125
14:36:01.322 , 2.13
14:36:06.242 , 2.1399999999999997
14:36:12.486 , 2.15
14:36:16.337 , 2.15
14:36:21.254 , 2.15
14:36:26.258 , 2.1399999999999997
14:36:31.263 , 2.1399999999999997
14:36:36.246 , 2.1399999999999997
14:36:41.307 , 2.13
14:36:46.422 , 2.12
14:36:51.303 , 2.12
14:36:56.470 , 2.12
14:37:01.257 , 2.12
14:37:06.421 , 2.13
14:37:11.252 , 2.13
14:37:16.250 , 2.08
14:37:21.256 , 2.08
14:37:26.285 , 2.1
14:37:31.279 , 2.1100000000000003
14:37:36.269 , 2.1
14:37:42.631 , 2.1
14:37:46.698 , 2.1
14:37:51.271 , 2.1
14:37:56.250 , 2.1
14:38:01.270 , 2.09
14:38:06.259 , 2.1
14:38:11.274 , 2.12
14:38:16.266 , 2.12
14:38:21.277 , 2.12
14:38:26.354 , 2.12
14:38:31.464 , 2.12
14:38:36.398 , 2.12
14:38:41.307 , 2.12
14:38:46.260 , 2.13
14:38:51.291 , 2.14
14:38:56.269 , 2.14
14:39:01.300 , 2.14
14:39:06.264 , 2.1500000000000004
14:39:11.268 , 2.1500000000000004
14:39:16.296 , 2.1500000000000004
14:39:21.268 , 2.1500000000000004
14:39:26.275 , 2.1500000000000004
14:39:31.258 , 2.1500000000000004
14:39:36.274 , 2.1500000000000004
14:39:41.272 , 2.1500000000000004
14:39:46.271 , 2.1500000000000004
14:39:51.339 , 2.1500000000000004
14:39:56.325 , 2.1500000000000004
14:40:01.610 , 2.1500000000000004
14:40:06.428 , 2.1500000000000004
14:40:11.282 , 2.1500000000000004
14:40:16.291 , 2.16
14:40:21.269 , 2.16
14:40:26.313 , 2.16
14:40:31.426 , 2.19
14:40:36.269 , 2.17
14:40:41.276 , 2.17
14:40:46.302 , 2.24
14:40:51.582 , 2.2
14:40:56.391 , 2.2
14:41:01.444 , 2.2
14:41:06.270 , 2.2
14:41:11.270 , 2.19
14:41:16.415 , 2.21
14:41:21.560 , 2.21
14:41:26.414 , 2.19
14:41:31.287 , 2.2199999999999998
14:41:36.475 , 2.17
14:41:41.285 , 2.23
14:41:46.287 , 2.23
14:41:51.285 , 2.23
14:41:56.331 , 2.24
14:42:01.273 , 2.26
14:42:06.311 , 2.26
14:42:11.720 , 2.27
14:42:17.511 , 2.27
14:42:22.790 , 2.27
14:42:26.974 , 2.27
14:42:34.737 , 2.27
14:42:36.609 , 2.27
14:42:41.376 , 2.27
14:42:46.328 , 2.25
14:42:51.302 , 0
14:42:56.283 , 0
14:43:01.281 , 0
14:43:06.280 , 0
14:43:11.343 , 0
14:43:16.285 , 2.27
14:43:21.288 , 2.27
14:43:26.280 , 2.27
14:43:31.303 , 2.27
14:43:36.278 , 2.24
14:43:41.470 , 2.24
14:43:46.283 , 2.27
14:43:52.598 , 2.27
14:43:56.776 , 0
14:44:01.926 , 0
14:44:06.613 , 0
14:44:11.322 , 0
14:44:16.291 , 0
14:44:21.298 , 0
14:44:26.310 , 2.2800000000000002
14:44:31.316 , 2.23
14:44:36.291 , 2.24
14:44:41.283 , 2.1900000000000004
14:44:46.304 , 2.27
14:44:51.317 , 2.27
14:44:56.294 , 2.2800000000000002
14:45:01.296 , 2.2800000000000002
14:45:06.316 , 2.27
14:45:11.295 , 2.27
14:45:16.332 , 2.27
14:45:21.310 , 2.2800000000000002
14:45:26.314 , 2.29
14:45:31.462 , 2.29
14:45:36.360 , 2.29
14:45:41.296 , 2.29
14:45:46.296 , 2.3899999999999997
14:45:51.999 , 0
14:45:56.326 , 0
14:46:01.293 , 0
14:46:06.305 , 0
14:46:11.302 , 0
14:46:16.305 , 0
14:46:21.302 , 0
14:46:26.329 , 0
14:46:31.357 , 4.1049999999999995
14:46:36.299 , 4.1049999999999995
14:46:41.310 , 4.1049999999999995
14:46:46.309 , 4.17
14:46:51.306 , 4.17
14:46:56.454 , 4.17
14:47:01.374 , 4.21
14:47:06.370 , 2.47
14:47:11.309 , 2.54
14:47:16.339 , 2.51
14:47:21.328 , 2.5
14:47:26.324 , 2.51
14:47:31.314 , 2.51
14:47:36.308 , 2.5
14:47:41.325 , 2.49
14:47:46.696 , 2.49
14:47:51.356 , 2.5
14:47:56.692 , 2.41
14:48:01.315 , 2.4
14:48:06.312 , 2.41
14:48:11.318 , 2.42
14:48:16.322 , 2.42
14:48:21.337 , 2.41
14:48:26.693 , 2.36
14:48:31.315 , 2.36
14:48:36.331 , 2.38
14:48:41.318 , 2.3899999999999997
14:48:46.327 , 2.37
14:48:51.332 , 2.3499999999999996
14:48:56.321 , 2.3499999999999996
14:49:01.327 , 2.3099999999999996
14:49:06.627 , 2.3099999999999996
14:49:11.345 , 2.29
14:49:16.324 , 2.3099999999999996
14:49:21.324 , 2.29
14:49:26.323 , 2.2699999999999996
14:49:31.332 , 2.2699999999999996
14:49:36.366 , 2.2699999999999996
14:49:41.584 , 2.25
14:49:46.589 , 2.26
14:49:51.390 , 2.26
14:49:56.347 , 2.26
14:50:01.361 , 2.27
14:50:06.344 , 2.27
14:50:11.318 , 2.26
14:50:16.331 , 2.2300000000000004
14:50:21.324 , 2.26
14:50:26.368 , 2.26
14:50:31.329 , 2.27
14:50:36.328 , 2.27
14:50:41.651 , 2.29
14:50:46.361 , 2.24
14:50:51.333 , 2.25
14:50:56.403 , 2.2800000000000002
14:51:01.337 , 2.29
14:51:06.651 , 2.29
14:51:11.387 , 2.31
14:51:16.559 , 2.32
14:51:21.593 , 2.33
14:51:26.330 , 2.29
14:51:31.359 , 2.33
14:51:36.327 , 2.33
14:51:41.363 , 2.34
14:51:46.582 , 2.36
14:51:51.336 , 2.36
14:51:56.351 , 2.36
14:52:01.363 , 2.37
14:52:06.330 , 2.37
14:52:11.405 , 2.37
14:52:16.344 , 2.37
14:52:21.342 , 2.37
14:52:26.461 , 2.36
14:52:31.418 , 2.36
14:52:36.592 , 2.36
14:52:41.769 , 2.33
14:52:46.339 , 2.33
14:52:51.369 , 2.36
14:52:56.372 , 2.38
14:53:01.334 , 2.38
14:53:06.789 , 2.38
14:53:11.377 , 2.37
14:53:16.577 , 2.37
14:53:21.502 , 2.3899999999999997
14:53:26.359 , 2.4
14:53:31.355 , 2.3899999999999997
14:53:36.371 , 2.3899999999999997
14:53:41.556 , 2.4
14:53:46.354 , 2.45
14:53:51.341 , 2.4699999999999998
14:53:56.593 , 2.48
14:54:01.460 , 2.4699999999999998
14:54:06.463 , 2.48
14:54:11.354 , 2.48
14:54:16.342 , 2.48
14:54:21.383 , 2.48
14:54:26.350 , 2.49
14:54:31.346 , 2.49
14:54:36.358 , 2.54
14:54:41.348 , 2.5300000000000002
14:54:46.353 , 2.54
14:54:51.380 , 2.54
14:54:56.359 , 2.54
14:55:01.646 , 2.54
14:55:06.599 , 2.54
14:55:11.360 , 2.54
14:55:16.356 , 2.69
14:55:21.358 , 2.6100000000000003
14:55:26.473 , 2.6100000000000003
14:55:31.347 , 2.6100000000000003
14:55:36.474 , 2.65
14:55:41.355 , 2.62
14:55:46.365 , 2.6100000000000003
14:55:51.416 , 2.63
14:55:56.468 , 2.65
14:56:01.392 , 2.62
14:56:06.391 , 2.67
14:56:11.357 , 2.67
14:56:16.482 , 2.7199999999999998
14:56:21.414 , 0
14:56:26.383 , 0
14:56:31.378 , 0
14:56:36.353 , 0
14:56:41.361 , 0
14:56:46.356 , 0
14:56:51.424 , 0
14:56:56.479 , 3.49
14:57:01.474 , 3.49
14:57:06.356 , 3.1900000000000004
14:57:11.395 , 3.2
14:57:16.380 , 3.1
14:57:21.370 , 2.95
14:57:26.415 , 2.85
14:57:31.396 , 2.75
14:57:36.357 , 2.855
14:57:41.377 , 2.75
14:57:46.382 , 2.75
14:57:51.366 , 2.75
14:57:56.609 , 2.9
14:58:01.424 , 2.62
14:58:06.688 , 2.63
14:58:12.410 , 2.48
14:58:17.246 , 2.48
14:58:22.390 , 2.48
14:58:27.357 , 2.48
14:58:32.320 , 2.48
14:58:37.243 , 2.48
14:58:42.324 , 2.48
14:58:47.290 , 0
14:58:52.303 , 0
14:59:00.131 , 0
14:59:02.112 , 0
14:59:07.162 , 0
14:59:12.141 , 2.29
14:59:16.834 , 2.33
14:59:21.876 , 2.3200000000000003
14:59:26.956 , 2.5700000000000003
14:59:31.634 , 2.5700000000000003
14:59:36.590 , 2.5700000000000003
14:59:41.722 , 2.6
14:59:46.672 , 2.59
14:59:51.625 , 2.4699999999999998
14:59:56.392 , 2.56
15:00:01.371 , 2.59
15:00:06.374 , 2.6
15:00:11.394 , 2.6
15:00:16.432 , 2.6
15:00:21.594 , 2.66
15:00:26.746 , 2.66
15:00:31.483 , 2.83
15:00:36.503 , 3.13
15:00:41.566 , 2.955
15:00:46.707 , 3.105
15:00:51.564 , 3.105
15:00:56.394 , 3.08
15:01:01.377 , 3.105
15:01:06.652 , 2.82
15:01:12.047 , 2.82
15:01:16.406 , 2.82
15:01:21.406 , 2.73
15:01:26.441 , 2.73
15:01:31.404 , 2.73
15:01:36.390 , 2.7199999999999998
15:01:41.464 , 2.7199999999999998
15:01:46.437 , 2.82
15:01:51.394 , 2.8099999999999996
15:01:56.381 , 2.82
15:02:01.431 , 2.82
15:02:06.385 , 2.82
15:02:11.380 , 2.8
15:02:16.416 , 2.8
15:02:21.434 , 2.8
15:02:26.389 , 2.8
15:02:31.449 , 2.79
15:02:36.551 , 2.79
15:02:41.400 , 2.79
15:02:46.384 , 2.79
15:02:51.415 , 2.8099999999999996
15:02:56.424 , 2.8099999999999996
15:03:01.401 , 2.84
15:03:06.399 , 2.8099999999999996
15:03:11.415 , 2.84
15:03:16.416 , 2.84
15:03:21.407 , 2.91
15:03:26.390 , 2.9299999999999997
15:03:31.397 , 2.9299999999999997
15:03:36.398 , 2.94
15:03:41.447 , 2.95
15:03:46.392 , 2.96
15:03:51.408 , 2.96
15:03:56.469 , 3.05
15:04:01.486 , 3.05
15:04:06.404 , 3.05
15:04:11.459 , 3.02
15:04:16.420 , 3.05
15:04:21.437 , 3.05
15:04:26.445 , 2.96
15:04:31.408 , 3.075
15:04:36.442 , 3.075
15:04:41.422 , 3.075
15:04:46.416 , 3.125
15:04:51.407 , 3.15
15:04:56.571 , 3.15
15:05:02.119 , 3.15
15:05:06.438 , 3.15
15:05:11.427 , 3.2
15:05:16.482 , 3.2
15:05:21.821 , 3.2
15:05:26.544 , 3.2
15:05:31.465 , 3.2
15:05:36.829 , 3.2
15:05:41.593 , 3.2249999999999996
15:05:46.676 , 0
15:05:51.470 , 0
15:05:56.432 , 0
15:06:01.432 , 0
15:06:06.463 , 0
15:06:11.442 , 0
15:06:16.442 , 0
15:06:21.523 , 0
15:06:26.497 , 2.91
15:06:31.427 , 3.77
15:06:36.433 , 3.74
15:06:41.441 , 3.65
15:06:46.608 , 4.05
15:06:51.499 , 3.6
15:06:56.910 , 3.6
15:07:01.686 , 3.525
15:07:06.488 , 3.8
15:07:11.453 , 3.8
15:07:16.422 , 3.8249999999999997
15:07:21.469 , 3.875
15:07:26.938 , 3.7249999999999996
15:07:31.975 , 3.7249999999999996
15:07:37.142 , 3.875
15:07:41.481 , 3.975
15:07:46.618 , 3.975
15:07:51.440 , 3.975
15:07:56.451 , 3.975
15:08:01.479 , 3.975
15:08:07.064 , 3.975
15:08:11.504 , 3.875
15:08:16.738 , 3.875
15:08:21.464 , 3.875
15:08:26.434 , 3.875
15:08:31.871 , 3.875
15:08:36.867 , 3.875
15:08:41.829 , 3.975
15:08:46.474 , 3.975
15:08:51.793 , 3.975
15:08:56.867 , 3.975
15:09:01.751 , 3.875
15:09:06.703 , 3.49
15:09:11.481 , 3.775
15:09:16.490 , 4.275
15:09:21.483 , 3.65
15:09:26.616 , 4.15
15:09:31.440 , 4.15
15:09:36.524 , 4.15
15:09:41.586 , 4.15
15:09:46.463 , 4.15
15:09:51.746 , 4.175000000000001
15:09:56.689 , 4.175000000000001
15:10:01.477 , 4.2
15:10:06.445 , 4.2
15:10:12.409 , 4.2
15:10:17.501 , 4.2
15:10:21.865 , 4.2
15:10:26.480 , 4.2
15:10:31.902 , 4.2
15:10:37.389 , 4.5
15:10:42.339 , 4.6
15:10:47.253 , 4.6
15:10:52.349 , 4.6
15:10:57.187 , 4.6
15:11:02.492 , 4.7
15:11:07.279 , 4.7
15:11:12.307 , 4.8
15:11:16.487 , 4.8
15:11:21.481 , 4.8
15:11:26.451 , 4.8
15:11:31.458 , 4.8
15:11:36.490 , 4.8
15:11:41.453 , 4.8
15:11:48.452 , 4.85
15:11:51.677 , 4.85
15:11:56.611 , 4.85
15:12:01.622 , 5.5
15:12:06.505 , 5.5
15:12:11.461 , 5.5
15:12:16.527 , 62.25
15:12:21.541 , 62.25
15:12:26.541 , 4.65
15:12:31.631 , 4.65
15:12:36.630 , 4.65
15:12:41.646 , 5.85
15:12:46.492 , 5.85
15:12:51.467 , 5.85
15:12:56.488 , 5.85
15:13:01.589 , 352.25
15:13:06.474 , 352.0
15:13:11.482 , 352.0
15:13:16.502 , 352.0
15:13:21.487 , 352.0
15:13:26.496 , 352.0
15:13:31.550 , 352.0
15:13:36.488 , 352.0
15:13:41.470 , 352.0
15:13:46.505 , 352.0
15:13:51.559 , 352.85
15:13:56.619 , 352.85
15:14:01.475 , 7.15
15:14:06.484 , 6.3
15:14:11.475 , 6.3
15:14:16.478 , 6.3
15:14:21.603 , 6.3
15:14:26.475 , 6.3
15:14:31.461 , 6.1
15:14:36.461 , 6.1
15:14:41.494 , 7.199999999999999
15:14:46.469 , 62.9
15:14:51.473 , 62.9
15:14:56.475 , 7.699999999999999
15:15:01.472 , 7.699999999999999
15:15:06.463 , 352.0
15:15:11.478 , 7.25
15:15:16.481 , 7.25
15:15:21.579 , 7.25
15:15:26.468 , 7.5
15:15:31.528 , 62.25
15:15:36.492 , 352.25
15:15:41.482 , 6.05
15:15:46.504 , 352.85
15:15:51.472 , 352.85
15:15:56.485 , 352.85
15:16:01.478 , 62.85
15:16:06.476 , 63.2
15:16:11.477 , 6.7
15:16:16.489 , 6.7
15:16:21.466 , 6.7
15:16:26.474 , 62.0
15:16:31.475 , 62.0
15:16:36.470 , 62.0
15:16:41.516 , 8.2
15:16:46.493 , 8.2
15:16:51.475 , 64.4
15:16:56.485 , 64.4
15:17:01.484 , 64.4
15:17:06.474 , 64.4
15:17:11.471 , 64.4
15:17:16.481 , 64.4
15:17:21.505 , 31.9
15:17:26.480 , 31.9
15:17:31.478 , 31.9
15:17:36.480 , 31.9
15:17:41.500 , 31.9
15:17:46.475 , 31.9
15:17:51.503 , 31.9
15:17:56.545 , 31.9
15:18:01.495 , 31.9
15:18:06.691 , 31.9
15:18:11.544 , 31.9
15:18:16.626 , 31.9
15:18:21.693 , 31.9
15:18:26.494 , 31.9
15:18:31.499 , 31.9
15:18:36.485 , 31.9
15:18:41.521 , 31.9
15:18:46.494 , 31.9
15:18:51.488 , 31.9
15:18:56.508 , 31.9
15:19:01.492 , 31.9
15:19:06.492 , 31.9
15:19:11.516 , 31.9
15:19:16.531 , 31.9
15:19:21.588 , 31.9
15:19:26.535 , 31.9
15:19:31.737 , 31.9
15:19:36.649 , 31.9
15:19:41.622 , 33.0
15:19:46.495 , 33.0
15:19:51.493 , 33.0
15:19:56.505 , 33.0
15:20:01.511 , 65.5
15:20:06.506 , 65.5
15:20:11.515 , 65.5
15:20:16.500 , 65.5
15:20:21.485 , 65.5
15:20:26.498 , 0
15:20:31.546 , 0
15:20:36.509 , 0
15:20:41.509 , 0
15:20:46.584 , 0
15:20:51.521 , 0
15:20:56.626 , 0
15:21:01.531 , 0
15:21:06.523 , 0
15:21:11.503 , 0
15:21:16.527 , 0
15:21:21.498 , 0
15:21:26.491 , 0
15:21:31.514 , 0
15:21:36.528 , 0
15:21:41.531 , 0
15:21:46.501 , 0
15:21:51.530 , 0
15:21:56.519 , 0
15:22:01.496 , 0
15:22:06.579 , 0
15:22:11.784 , 0
15:22:16.587 , 0
15:22:21.800 , 0
15:22:26.572 , 0
15:22:31.522 , 0
15:22:36.505 , 0
15:22:36.505 , 0
15:22:36.505 , 0
15:22:36.505 , 0
15:22:36.505 , 0
15:22:36.505 , 0
15:22:36.505 , 0
15:22:36.505 , 0
15:22:36.505 , 0
15:22:36.505 , 0
15:22:36.505 , 0
15:22:36.505 , 0
15:22:36.505 , 0
15:22:36.505 , 0
15:22:36.505 , 0
15:22:36.505 , 0
15:22:36.505 , 0
15:22:36.505 , 0
15:22:36.505 , 0
15:22:36.505 , 0
15:22:36.505 , 0
15:22:36.505 , 0
15:22:36.505 , 0
15:22:36.505 , 0
15:22:36.505 , 0
15:22:36.505 , 0
15:22:36.505 , 0
