Chicago @ Detroit_U/O 183.5pts_1426980900000_Under 183.5pts23:35:00.829 , 0
23:35:05.935 , 0
23:35:10.741 , 0
23:35:15.684 , 0
23:35:20.692 , 0
23:35:25.704 , 0
23:35:30.678 , 0
23:35:35.663 , 0
23:35:40.671 , 0
23:35:45.691 , 0
23:35:50.688 , 0
23:35:55.677 , 0
23:36:00.665 , 0
23:36:05.749 , 0
23:36:10.666 , 0
23:36:15.731 , 0
23:36:20.726 , 0
23:36:25.721 , 0
23:36:30.672 , 0
23:36:35.813 , 0
23:36:40.669 , 0
23:36:45.671 , 0
23:36:50.679 , 0
23:36:55.684 , 0
23:37:00.680 , 0
23:37:05.760 , 0
23:37:10.715 , 0
23:37:15.701 , 0
23:37:20.671 , 0
23:37:25.667 , 0
23:37:30.687 , 0
23:37:35.711 , 0
23:37:40.723 , 0
23:37:45.665 , 0
23:37:50.686 , 0
23:37:55.711 , 0
23:38:00.689 , 3.5749999999999997
23:38:05.842 , 3.5749999999999997
23:38:10.728 , 3.5749999999999997
23:38:15.679 , 3.5749999999999997
23:38:20.681 , 3.5749999999999997
23:38:25.709 , 3.5749999999999997
23:38:30.695 , 3.5749999999999997
23:38:35.709 , 3.5749999999999997
23:38:40.670 , 3.5749999999999997
23:38:45.673 , 3.5749999999999997
23:38:50.669 , 3.5749999999999997
23:38:55.682 , 3.5749999999999997
23:39:00.681 , 3.5749999999999997
23:39:05.782 , 3.5749999999999997
23:39:10.709 , 3.5749999999999997
23:39:15.717 , 3.5749999999999997
23:39:20.935 , 3.5749999999999997
23:39:25.756 , 3.5749999999999997
23:39:30.899 , 3.5749999999999997
23:39:35.682 , 3.5749999999999997
23:39:40.717 , 3.5749999999999997
23:39:45.679 , 3.5749999999999997
23:39:50.713 , 3.5749999999999997
23:39:55.720 , 3.5749999999999997
23:40:00.719 , 3.5749999999999997
23:40:05.679 , 3.5749999999999997
23:40:10.819 , 3.5749999999999997
23:40:15.692 , 3.5749999999999997
23:40:20.720 , 3.5749999999999997
23:40:25.728 , 3.5749999999999997
23:40:30.693 , 3.5749999999999997
23:40:35.702 , 3.5749999999999997
23:40:40.707 , 3.5749999999999997
23:40:45.741 , 3.5749999999999997
23:40:50.822 , 3.5749999999999997
23:40:55.690 , 3.5749999999999997
23:41:00.691 , 3.5749999999999997
23:41:05.713 , 3.5749999999999997
23:41:10.689 , 3.5749999999999997
23:41:15.724 , 3.5749999999999997
23:41:20.685 , 3.5749999999999997
23:41:25.763 , 3.5749999999999997
23:41:30.725 , 3.5749999999999997
23:41:35.699 , 3.5749999999999997
23:41:40.709 , 3.5749999999999997
23:41:45.724 , 3.5749999999999997
23:41:50.732 , 3.8249999999999997
23:41:55.743 , 2.8099999999999996
23:42:00.697 , 3.7399999999999998
23:42:05.694 , 0
23:42:10.776 , 2.335
23:42:15.855 , 3.28
23:42:20.728 , 0
23:42:25.737 , 3.005
23:42:30.699 , 2.335
23:42:35.700 , 0
23:42:40.713 , 0
23:42:45.719 , 2.16
23:42:50.744 , 0
23:42:55.770 , 2.88
23:43:00.727 , 2.26
23:43:05.708 , 2.26
23:43:10.728 , 2.26
23:43:15.733 , 1.97
23:43:20.701 , 0
23:43:25.712 , 0
23:43:30.728 , 0
23:43:35.714 , 0
23:43:40.727 , 2.16
23:43:45.707 , 2.16
23:43:50.739 , 2.16
23:43:55.721 , 0
23:44:00.911 , 0
23:44:05.707 , 2.84
23:44:10.714 , 2.335
23:44:15.722 , 3.065
23:44:20.711 , 2.815
23:44:25.731 , 2.815
23:44:30.742 , 2.815
23:44:35.754 , 2.965
23:44:40.715 , 2.335
23:44:45.714 , 0
23:44:50.725 , 2.74
23:44:55.754 , 0
23:45:00.896 , 2.8099999999999996
23:45:05.747 , 2.985
23:45:10.727 , 2.335
23:45:15.800 , 3.035
23:45:20.750 , 0
23:45:25.756 , 2.16
23:45:30.741 , 2.8
23:45:35.717 , 2.16
23:45:40.718 , 0
23:45:45.733 , 2.895
23:45:50.768 , 2.84
23:45:55.771 , 2.84
23:46:00.724 , 2.84
23:46:05.724 , 2.84
23:46:10.732 , 2.84
23:46:15.734 , 2.84
23:46:20.809 , 2.84
23:46:25.965 , 2.84
23:46:30.734 , 2.84
23:46:35.731 , 2.84
23:46:40.733 , 2.84
23:46:45.757 , 2.84
23:46:50.757 , 2.84
23:46:55.737 , 2.84
23:47:00.741 , 2.84
23:47:05.739 , 2.84
23:47:10.748 , 2.84
23:47:15.733 , 2.84
23:47:20.771 , 2.84
23:47:25.742 , 2.84
23:47:30.752 , 2.84
23:47:35.753 , 2.84
23:47:40.849 , 2.84
23:47:45.810 , 2.84
23:47:50.903 , 2.84
23:47:55.792 , 2.84
23:48:00.745 , 2.84
23:48:05.733 , 3.0149999999999997
23:48:10.746 , 2.895
23:48:15.754 , 2.76
23:48:20.745 , 2.76
23:48:25.784 , 2.985
23:48:30.790 , 2.6799999999999997
23:48:35.773 , 0
23:48:40.746 , 0
23:48:45.752 , 0
23:48:50.748 , 0
23:48:55.774 , 3.28
23:49:00.743 , 3.3899999999999997
23:49:05.756 , 0
23:49:10.782 , 3.61
23:49:15.755 , 3.78
23:49:20.765 , 3.61
23:49:25.788 , 0
23:49:30.800 , 3.25
23:49:35.780 , 0
23:49:40.790 , 2.71
23:49:45.768 , 3.5300000000000002
23:49:50.750 , 2.71
23:49:55.753 , 0
23:50:00.783 , 0
23:50:05.773 , 0
23:50:10.751 , 0
23:50:15.750 , 3.5
23:50:20.787 , 3.25
23:50:25.828 , 3.25
23:50:30.964 , 3.5
23:50:35.761 , 3.37
23:50:40.868 , 0
23:50:45.786 , 2.2350000000000003
23:50:50.787 , 3.0
23:50:55.780 , 2.41
23:51:00.791 , 3.17
23:51:05.764 , 3.37
23:51:10.786 , 3.37
23:51:15.761 , 0
23:51:20.761 , 0
23:51:25.765 , 2.71
23:51:30.765 , 3.62
23:51:35.766 , 0
23:51:40.757 , 0
23:51:45.800 , 3.1
23:51:50.792 , 3.35
23:51:55.852 , 3.075
23:52:00.960 , 3.075
23:52:05.829 , 3.075
23:52:10.777 , 2.51
23:52:15.826 , 3.2
23:52:20.793 , 2.16
23:52:25.852 , 3.085
23:52:30.795 , 2.9749999999999996
23:52:35.824 , 0
23:52:40.812 , 3.28
23:52:45.826 , 3.28
23:52:50.782 , 0
23:52:55.803 , 0
23:53:00.792 , 2.3600000000000003
23:53:05.825 , 0
23:53:10.830 , 3.34
23:53:15.896 , 3.065
23:53:20.865 , 3.46
23:53:25.967 , 0
23:53:30.813 , 2.9
23:53:35.812 , 2.41
23:53:40.800 , 0
23:53:45.787 , 0
23:53:50.770 , 2.8049999999999997
23:53:55.783 , 0
23:54:00.777 , 3.135
23:54:05.818 , 3.135
23:54:10.812 , 3.1799999999999997
23:54:15.855 , 3.215
23:54:20.807 , 3.215
23:54:25.786 , 3.215
23:54:30.812 , 0
23:54:35.810 , 3.33
23:54:40.846 , 3.49
23:54:46.008 , 0
23:54:50.807 , 0
23:54:55.791 , 3.6500000000000004
23:55:00.813 , 0
23:55:05.807 , 0
23:55:10.789 , 0
23:55:15.812 , 4.25
23:55:20.810 , 3.21
23:55:25.829 , 0
23:55:30.873 , 3.87
23:55:35.836 , 2.91
23:55:40.792 , 3.525
23:55:45.840 , 4.625
23:55:50.803 , 4.324999999999999
23:55:55.838 , 4.175
23:56:00.795 , 4.175
23:56:06.020 , 4.175
23:56:10.816 , 4.175
23:56:15.985 , 4.175
23:56:20.817 , 4.175
23:56:25.856 , 4.175
23:56:30.908 , 4.175
23:56:35.867 , 4.175
23:56:40.797 , 4.175
23:56:45.833 , 4.175
23:56:50.819 , 4.175
23:56:55.858 , 4.175
23:57:00.799 , 4.175
23:57:05.809 , 4.175
23:57:10.846 , 4.175
23:57:15.808 , 4.175
23:57:20.874 , 4.175
23:57:25.818 , 4.175
23:57:30.796 , 4.175
23:57:35.892 , 4.175
23:57:40.830 , 4.175
23:57:45.827 , 4.175
23:57:50.841 , 4.175
23:57:55.861 , 4.175
23:58:00.823 , 4.175
23:58:05.809 , 4.175
23:58:10.862 , 4.175
23:58:15.806 , 4.175
23:58:20.835 , 4.175
23:58:25.807 , 4.175
23:58:30.809 , 4.175
23:58:35.810 , 4.324999999999999
23:58:40.819 , 0
23:58:45.827 , 5.575
23:58:50.832 , 5.575
23:58:55.874 , 4.11
23:59:00.947 , 0
23:59:05.831 , 4.8
23:59:10.881 , 3.71
23:59:15.860 , 0
23:59:20.923 , 3.3600000000000003
23:59:25.810 , 0
23:59:30.831 , 5.25
23:59:35.863 , 5.175
23:59:40.837 , 5.175
23:59:45.813 , 0
23:59:50.845 , 5.075
23:59:55.838 , 3.51
00:00:00.861 , 0
00:00:05.818 , 0
00:00:10.874 , 0
00:00:15.947 , 7.6
00:00:20.830 , 7.25
00:00:25.949 , 5.31
00:00:30.829 , 0
00:00:35.954 , 4.11
00:00:40.830 , 6.300000000000001
00:00:45.875 , 0
00:00:50.831 , 5.6
00:00:55.893 , 3.51
00:01:00.860 , 5.15
00:01:05.833 , 5.15
00:01:10.867 , 5.15
00:01:15.817 , 5.15
00:01:20.888 , 5.15
00:01:25.845 , 5.5
00:01:30.825 , 5.050000000000001
00:01:35.847 , 0
00:01:40.885 , 5.0
00:01:45.821 , 5.35
00:01:50.843 , 4.949999999999999
00:01:55.872 , 4.949999999999999
00:02:00.839 , 4.949999999999999
00:02:05.839 , 4.949999999999999
00:02:10.859 , 4.949999999999999
00:02:15.829 , 4.949999999999999
00:02:20.837 , 4.949999999999999
00:02:25.886 , 4.949999999999999
00:02:30.849 , 4.949999999999999
00:02:35.829 , 4.949999999999999
00:02:40.856 , 4.949999999999999
00:02:45.856 , 4.949999999999999
00:02:50.824 , 4.949999999999999
00:02:55.825 , 4.949999999999999
00:03:00.847 , 4.725
00:03:05.932 , 5.0
00:03:10.947 , 5.0
00:03:15.967 , 5.0
00:03:20.854 , 5.0
00:03:25.833 , 5.0
00:03:30.855 , 5.0
00:03:35.862 , 5.0
00:03:40.859 , 5.0
00:03:45.844 , 5.0
00:03:50.891 , 5.0
00:03:55.846 , 5.0
00:04:00.865 , 5.0
00:04:05.862 , 5.125
00:04:10.849 , 4.9
00:04:15.907 , 0
00:04:20.843 , 0
00:04:25.888 , 3.46
00:04:30.921 , 4.775
00:04:35.895 , 4.075
00:04:40.869 , 4.225
00:04:45.857 , 4.225
00:04:50.860 , 0
00:04:55.841 , 4.325
00:05:00.879 , 3.8499999999999996
00:05:05.853 , 4.05
00:05:10.887 , 4.05
00:05:15.861 , 4.05
00:05:20.926 , 4.05
00:05:25.889 , 4.05
00:05:30.850 , 4.05
00:05:35.899 , 4.05
00:05:40.855 , 4.35
00:05:45.992 , 4.35
00:05:50.867 , 4.5
00:05:55.961 , 4.5
00:06:01.023 , 4.5
00:06:05.849 , 4.5
00:06:10.884 , 4.5
00:06:15.922 , 4.5
00:06:20.865 , 0
00:06:25.929 , 4.5
00:06:30.886 , 4.8
00:06:35.854 , 0
00:06:40.895 , 5.0
00:06:45.917 , 5.0
00:06:50.894 , 5.0
00:06:55.899 , 5.0
00:07:00.916 , 5.05
00:07:05.938 , 5.05
00:07:10.859 , 0
00:07:15.897 , 0
00:07:20.933 , 5.825
00:07:25.981 , 5.825
00:07:30.858 , 0
00:07:35.880 , 0
00:07:40.885 , 0
00:07:45.867 , 0
00:07:50.866 , 6.199999999999999
00:07:55.887 , 0
00:08:00.870 , 3.71
00:08:05.922 , 4.11
00:08:10.883 , 5.575
00:08:15.874 , 0
00:08:20.904 , 4.9
00:08:25.882 , 5.25
00:08:30.898 , 4.8
00:08:35.903 , 3.26
00:08:40.906 , 3.71
00:08:45.946 , 0
00:08:50.962 , 5.425
00:08:55.876 , 5.425
00:09:00.913 , 0
00:09:05.892 , 4.725
00:09:10.863 , 3.6100000000000003
00:09:15.873 , 4.25
00:09:20.943 , 4.35
00:09:25.918 , 4.35
00:09:30.897 , 4.35
00:09:35.878 , 4.35
00:09:40.903 , 4.35
00:09:45.874 , 0
00:09:50.913 , 0
00:09:55.899 , 4.35
00:10:00.945 , 3.26
00:10:05.913 , 4.8
00:10:10.953 , 4.575
00:10:15.957 , 5.025
00:10:20.912 , 4.525
00:10:25.888 , 4.525
00:10:30.913 , 4.525
00:10:35.908 , 4.525
00:10:40.947 , 4.525
00:10:45.930 , 4.525
00:10:50.894 , 4.525
00:10:55.885 , 4.525
00:11:00.994 , 4.525
00:11:05.874 , 4.525
00:11:10.895 , 4.525
00:11:15.883 , 4.525
00:11:20.936 , 4.525
00:11:25.895 , 4.525
00:11:30.944 , 4.525
00:11:35.950 , 4.525
00:11:41.047 , 4.525
00:11:45.898 , 4.525
00:11:50.972 , 4.525
00:11:55.950 , 4.525
00:12:00.927 , 4.525
00:12:05.889 , 4.525
00:12:10.928 , 4.525
00:12:15.886 , 4.525
00:12:20.889 , 4.525
00:12:25.899 , 4.525
00:12:30.891 , 4.525
00:12:35.889 , 4.525
00:12:40.884 , 4.8
00:12:45.885 , 0
00:12:50.919 , 0
00:12:55.963 , 4.574999999999999
00:13:00.975 , 4.975
00:13:06.122 , 4.975
00:13:10.908 , 0
00:13:15.928 , 0
00:13:20.905 , 3.3099999999999996
00:13:25.900 , 4.375
00:13:30.964 , 0
00:13:35.901 , 4.0
00:13:40.902 , 0
00:13:45.945 , 4.15
00:13:50.925 , 4.5
00:13:55.899 , 0
00:14:00.929 , 0
00:14:05.927 , 0
00:14:10.984 , 0
00:14:15.947 , 0
00:14:21.173 , 0
00:14:25.966 , 0
00:14:31.050 , 0
00:14:35.957 , 0
00:14:40.936 , 0
00:14:45.920 , 0
00:14:50.909 , 0
00:14:55.944 , 0
00:15:00.924 , 0
00:15:05.901 , 0
00:15:11.108 , 0
00:15:15.897 , 0
00:15:20.971 , 0
00:15:25.933 , 0
00:15:30.937 , 0
00:15:35.910 , 0
00:15:40.936 , 0
00:15:45.986 , 0
00:15:50.919 , 0
00:15:55.990 , 0
00:16:01.041 , 0
00:16:05.995 , 0
00:16:10.954 , 0
00:16:15.912 , 0
00:16:20.996 , 0
00:16:25.934 , 0
00:16:30.909 , 0
00:16:35.938 , 0
00:16:41.001 , 0
00:16:45.964 , 0
00:16:50.913 , 0
00:16:55.955 , 0
00:17:00.910 , 0
00:17:05.973 , 0
00:17:11.056 , 0
00:17:15.998 , 0
00:17:21.138 , 0
00:17:25.923 , 0
00:17:30.967 , 0
00:17:35.919 , 0
00:17:40.914 , 0
00:17:45.923 , 0
00:17:50.921 , 0
00:17:55.951 , 0
00:18:00.919 , 0
00:18:05.924 , 0
00:18:10.918 , 0
00:18:16.040 , 0
00:18:20.929 , 0
00:18:25.969 , 0
00:18:30.948 , 0
00:18:35.991 , 0
00:18:41.062 , 0
00:18:46.001 , 0
00:18:50.945 , 0
00:18:55.973 , 0
00:19:00.968 , 0
00:19:05.985 , 0
00:19:10.940 , 0
00:19:15.935 , 0
00:19:20.959 , 0
00:19:25.938 , 0
00:19:30.931 , 0
00:19:35.970 , 0
00:19:40.931 , 0
00:19:45.990 , 0
00:19:50.945 , 0
00:19:55.923 , 0
00:20:01.039 , 0
00:20:06.017 , 0
00:20:10.931 , 0
00:20:15.957 , 0
00:20:21.013 , 0
00:20:25.973 , 0
00:20:30.935 , 0
00:20:35.940 , 0
00:20:40.928 , 0
00:20:45.961 , 0
00:20:50.936 , 0
00:20:55.999 , 0
00:21:00.946 , 0
00:21:05.944 , 0
00:21:10.956 , 4.65
00:21:16.028 , 0
00:21:21.011 , 5.5
00:21:26.021 , 4.4
00:21:31.014 , 0
00:21:35.965 , 0
00:21:40.942 , 7.55
00:21:45.965 , 7.55
00:21:50.950 , 7.25
00:21:55.944 , 4.8
00:22:00.987 , 0
00:22:05.961 , 7.25
00:22:10.952 , 0
00:22:15.967 , 6.75
00:22:20.948 , 6.75
00:22:25.944 , 0
00:22:30.958 , 8.2
00:22:36.004 , 8.2
00:22:40.960 , 8.2
00:22:45.947 , 8.2
00:22:51.077 , 8.2
00:22:56.076 , 8.2
00:23:01.111 , 8.2
00:23:05.949 , 8.5
00:23:11 , 8.55
00:23:15.972 , 8.55
00:23:20.949 , 0
00:23:25.976 , 0
00:23:30.982 , 9.25
00:23:35.974 , 9.25
00:23:40.973 , 0
00:23:46.021 , 0
00:23:50.994 , 0
00:23:55.959 , 0
00:24:00.946 , 9.45
00:24:05.958 , 0
00:24:11.029 , 0
00:24:15.967 , 0
00:24:21.010 , 10.85
00:24:26.100 , 0
00:24:30.955 , 0
00:24:35.992 , 0
00:24:40.958 , 7.5
00:24:45.977 , 0
00:24:50.983 , 0
00:24:55.998 , 6.5
00:25:00.967 , 9.35
00:25:06.003 , 9.35
00:25:10.966 , 9.35
00:25:16.028 , 0
00:25:20.965 , 0
00:25:26.030 , 7.800000000000001
00:25:31.013 , 7.800000000000001
00:25:35.988 , 7.800000000000001
00:25:41.017 , 7.800000000000001
00:25:45.999 , 7.800000000000001
00:25:51.035 , 7.800000000000001
00:25:55.959 , 7.800000000000001
00:26:00.960 , 7.800000000000001
00:26:06.026 , 7.800000000000001
00:26:10.983 , 7.800000000000001
00:26:15.969 , 7.800000000000001
00:26:20.991 , 7.800000000000001
00:26:26.036 , 7.800000000000001
00:26:30.987 , 7.800000000000001
00:26:35.966 , 7.800000000000001
00:26:40.984 , 7.800000000000001
00:26:45.988 , 7.800000000000001
00:26:50.972 , 7.800000000000001
00:26:55.988 , 7.800000000000001
00:27:00.992 , 7.800000000000001
00:27:06.106 , 7.800000000000001
00:27:11.095 , 7.800000000000001
00:27:16.017 , 7.800000000000001
00:27:20.990 , 7.800000000000001
00:27:25.967 , 7.800000000000001
00:27:30.977 , 7.800000000000001
00:27:35.965 , 7.800000000000001
00:27:40.977 , 6.5
00:27:46.045 , 8.45
00:27:50.973 , 0
00:27:55.981 , 0
00:28:01.032 , 5.8
00:28:05.974 , 0
00:28:10.985 , 5.2
00:28:15.967 , 6.6
00:28:20.977 , 5.699999999999999
00:28:26.050 , 6.5
00:28:31.070 , 6.8
00:28:36.023 , 5.8
00:28:40.985 , 5.8
00:28:45.975 , 0
00:28:51.032 , 6.65
00:28:55.969 , 5.85
00:29:01.017 , 5.2
00:29:05.984 , 5.2
00:29:11.052 , 6.95
00:29:16.014 , 6.95
00:29:20.982 , 6.95
00:29:25.979 , 7.1
00:29:31.004 , 7.25
00:29:35.980 , 7.15
00:29:41.024 , 7.1
00:29:45.988 , 6.3999999999999995
00:29:51.048 , 7.1
00:29:56.043 , 7.65
00:30:00.979 , 7.1
00:30:05.986 , 7.1
00:30:11.017 , 7.1
00:30:16.072 , 0
00:30:20.985 , 0
00:30:25.987 , 6.8500000000000005
00:30:30.995 , 0
00:30:35.980 , 0
00:30:40.989 , 0
00:30:46.008 , 8.55
00:30:51.001 , 8.55
00:30:55.988 , 8.55
00:31:01.002 , 8.55
00:31:05.994 , 8.55
00:31:10.994 , 8.55
00:31:15.988 , 9.55
00:31:21.171 , 8.3
00:31:26.003 , 0
00:31:31.010 , 8.2
00:31:36.101 , 8.2
00:31:41.028 , 8.2
00:31:46.082 , 8.2
00:31:50.996 , 8.2
00:31:55.994 , 8.2
00:32:00.998 , 8.2
00:32:05.993 , 8.2
00:32:11.005 , 8.2
00:32:16.008 , 8.2
00:32:21.048 , 8.2
00:32:26.059 , 8.2
00:32:31.059 , 8.2
00:32:36.182 , 8.2
00:32:41.146 , 8.2
00:32:46.097 , 8.2
00:32:51.044 , 8.2
00:32:56.046 , 8.2
00:33:01.055 , 8.2
00:33:06.024 , 8.2
00:33:11.069 , 8.2
00:33:16.040 , 8.2
00:33:21.050 , 8.2
00:33:26.100 , 8.2
00:33:31.059 , 8.2
00:33:36.072 , 8.2
00:33:41.076 , 8.2
00:33:46.042 , 8.2
00:33:51.051 , 8.2
00:33:56.060 , 8.2
00:34:01.109 , 8.2
00:34:06.171 , 8.2
00:34:11.194 , 8.2
00:34:16.017 , 8.2
00:34:21.021 , 8.2
00:34:26.005 , 8.2
00:34:31.039 , 8.2
00:34:36.025 , 8.2
00:34:41.015 , 8.2
00:34:46.049 , 8.2
00:34:51.025 , 8.2
00:34:56.068 , 8.2
00:35:01.074 , 8.2
00:35:06.080 , 8.2
00:35:11.093 , 8.2
00:35:16.018 , 8.2
00:35:21.021 , 8.2
00:35:26.126 , 8.2
00:35:31.134 , 8.2
00:35:36.031 , 8.2
00:35:41.044 , 8.2
00:35:46.050 , 8.2
00:35:51.063 , 8.2
00:35:56.064 , 8.2
00:36:01.026 , 8.2
00:36:06.031 , 8.2
00:36:11.046 , 8.2
00:36:16.051 , 8.2
00:36:21.053 , 8.2
00:36:26.115 , 8.2
00:36:31.029 , 8.2
00:36:36.038 , 8.2
00:36:41.127 , 8.2
00:36:46.053 , 8.2
00:36:51.064 , 8.2
00:36:56.104 , 8.2
00:37:01.283 , 8.2
00:37:06.088 , 8.2
00:37:11.093 , 8.2
00:37:16.028 , 8.2
00:37:21.027 , 8.2
00:37:26.031 , 8.2
00:37:31.031 , 8.2
00:37:36.033 , 8.2
00:37:41.027 , 8.2
00:37:46.031 , 8.2
00:37:51.043 , 8.2
00:37:56.105 , 8.2
00:38:01.105 , 8.2
00:38:06.113 , 8.2
00:38:11.117 , 8.2
00:38:16.041 , 8.2
00:38:21.062 , 8.2
00:38:26.041 , 8.2
00:38:31.031 , 8.2
00:38:36.055 , 8.2
00:38:41.058 , 8.2
00:38:46.074 , 8.2
00:38:51.071 , 8.2
00:38:56.082 , 8.2
00:39:01.092 , 8.2
00:39:06.043 , 8.2
00:39:11.107 , 8.2
00:39:16.117 , 8.2
00:39:21.067 , 8.2
00:39:26.075 , 8.2
00:39:31.126 , 8.2
00:39:36.036 , 8.2
00:39:41.042 , 8.2
00:39:46.100 , 8.2
00:39:51.169 , 8.2
00:39:56.059 , 8.2
00:40:01.028 , 8.2
00:40:06.075 , 8.2
00:40:11.036 , 8.2
00:40:16.081 , 8.2
00:40:21.035 , 8.2
00:40:26.101 , 8.2
00:40:31.063 , 8.2
00:40:36.119 , 8.2
00:40:41.050 , 8.2
00:40:46.062 , 8.2
00:40:51.068 , 8.2
00:40:56.093 , 8.2
00:41:01.096 , 8.2
00:41:06.105 , 8.2
00:41:11.107 , 8.2
00:41:16.196 , 8.2
00:41:21.044 , 8.2
00:41:26.049 , 8.2
00:41:31.048 , 8.2
00:41:36.049 , 8.2
00:41:41.046 , 8.2
00:41:46.053 , 8.2
00:41:51.158 , 8.2
00:41:56.039 , 8.2
00:42:01.041 , 8.2
00:42:06.062 , 8.2
00:42:11.045 , 8.2
00:42:16.065 , 8.2
00:42:21.056 , 8.2
00:42:26.074 , 8.2
00:42:31.120 , 8.2
00:42:36.168 , 8.2
00:42:41.050 , 8.2
00:42:46.076 , 8.2
00:42:51.045 , 8.2
00:42:56.062 , 8.2
00:43:01.075 , 8.2
00:43:06.060 , 8.2
00:43:11.074 , 8.2
00:43:16.080 , 8.2
00:43:21.117 , 8.2
00:43:26.095 , 8.2
00:43:31.061 , 8.2
00:43:36.130 , 8.2
00:43:41.141 , 8.2
00:43:46.142 , 8.2
00:43:51.154 , 8.2
00:43:56.115 , 8.2
00:44:01.179 , 8.2
00:44:06.168 , 8.2
00:44:11.099 , 8.2
00:44:16.106 , 8.2
00:44:21.117 , 8.2
00:44:26.118 , 8.2
00:44:31.118 , 8.2
00:44:36.123 , 8.2
00:44:41.073 , 8.2
00:44:46.096 , 8.2
00:44:51.084 , 8.2
00:44:56.070 , 8.2
00:45:01.067 , 8.2
00:45:06.071 , 8.2
00:45:11.072 , 8.2
00:45:16.139 , 8.2
00:45:21.139 , 8.2
00:45:26.221 , 8.2
00:45:31.158 , 8.2
00:45:36.105 , 8.2
00:45:41.110 , 8.2
00:45:46.119 , 8.2
00:45:51.151 , 8.2
00:45:56.131 , 8.2
00:46:01.142 , 8.2
00:46:06.076 , 8.2
00:46:11.066 , 8.2
00:46:16.164 , 8.2
00:46:21.084 , 8.2
00:46:26.075 , 8.2
00:46:31.069 , 8.2
00:46:36.080 , 8.2
00:46:41.135 , 8.2
00:46:46.199 , 8.2
00:46:51.222 , 8.2
00:46:56.153 , 8.2
00:47:01.112 , 8.2
00:47:06.122 , 8.2
00:47:11.132 , 8.2
00:47:16.083 , 8.2
00:47:21.076 , 8.2
00:47:26.097 , 8.2
00:47:31.080 , 8.2
00:47:36.087 , 8.2
00:47:41.096 , 8.2
00:47:46.086 , 8.2
00:47:51.088 , 8.2
00:47:56.099 , 8.2
00:48:01.098 , 8.2
00:48:06.156 , 8.2
00:48:11.154 , 8.2
00:48:16.229 , 8.2
00:48:21.127 , 8.2
00:48:26.142 , 8.2
00:48:31.086 , 8.2
00:48:36.144 , 8.2
00:48:41.095 , 8.2
00:48:46.161 , 8.2
00:48:51.174 , 8.2
00:48:56.131 , 8.2
00:49:01.103 , 8.8
00:49:06.106 , 7.9
00:49:11.113 , 0
00:49:16.122 , 0
00:49:21.129 , 7.4
00:49:26.127 , 7.25
00:49:31.166 , 7.25
00:49:36.160 , 0
00:49:41.250 , 9.25
00:49:46.108 , 9.25
00:49:51.117 , 9.85
00:49:56.097 , 9.7
00:50:01.110 , 0
00:50:06.100 , 0
00:50:11.098 , 11.05
00:50:16.101 , 0
00:50:21.093 , 13.2
00:50:26.109 , 13.2
00:50:31.124 , 0
00:50:36.139 , 8.75
00:50:41.154 , 9.7
00:50:46.163 , 9.7
00:50:51.167 , 11.45
00:50:56.181 , 12.35
00:51:01.185 , 0
00:51:06.234 , 13.65
00:51:11.106 , 13.65
00:51:16.111 , 12.0
00:51:21.138 , 16.25
00:51:26.115 , 15.4
00:51:31.113 , 12.0
00:51:36.132 , 12.6
00:51:41.132 , 12.6
00:51:46.145 , 0
00:51:51.151 , 15.5
00:51:56.156 , 13.5
00:52:01.118 , 13.5
00:52:06.188 , 17.5
00:52:11.182 , 0
00:52:16.118 , 0
00:52:21.271 , 13.4
00:52:26.288 , 0
00:52:31.110 , 0
00:52:36.141 , 0
00:52:41.135 , 15.5
00:52:46.119 , 15.5
00:52:51.117 , 15.5
00:52:56.118 , 15.5
00:53:01.117 , 15.5
00:53:06.120 , 15.5
00:53:11.470 , 15.5
00:53:16.183 , 15.5
00:53:21.200 , 15.5
00:53:26.119 , 15.5
00:53:31.130 , 15.5
00:53:36.126 , 15.5
00:53:41.128 , 15.5
00:53:46.240 , 15.5
00:53:51.256 , 15.5
00:53:56.133 , 15.5
00:54:01.160 , 15.5
00:54:06.155 , 15.5
00:54:11.163 , 15.5
00:54:16.170 , 15.5
00:54:21.180 , 15.5
00:54:26.224 , 15.5
00:54:31.197 , 15.5
00:54:36.153 , 18.0
00:54:41.156 , 15.25
00:54:46.144 , 16.5
00:54:51.140 , 16.5
00:54:56.145 , 13.65
00:55:01.139 , 19.4
00:55:06.202 , 19.4
00:55:11.156 , 0
00:55:16.161 , 16.4
00:55:21.145 , 0
00:55:26.151 , 0
00:55:31.178 , 19.5
00:55:36.149 , 19.0
00:55:41.153 , 24.5
00:55:46.171 , 0
00:55:51.181 , 0
00:55:56.152 , 17.0
00:56:01.158 , 19.4
00:56:06.173 , 0
00:56:11.186 , 23.75
00:56:16.196 , 28.75
00:56:21.213 , 30.5
00:56:26.223 , 0
00:56:31.263 , 35.5
00:56:36.269 , 35.5
00:56:41.160 , 32.75
00:56:46.180 , 36.0
00:56:51.172 , 0
00:56:56.198 , 33.0
00:57:01.179 , 33.0
00:57:06.198 , 33.0
00:57:11.215 , 33.0
00:57:16.217 , 33.0
00:57:21.162 , 37.75
00:57:26.153 , 39.25
00:57:31.158 , 0
00:57:36.322 , 0
00:57:41.165 , 29.75
00:57:46.172 , 24.0
00:57:51.157 , 24.0
00:57:56.211 , 24.0
00:58:01.273 , 24.0
00:58:06.171 , 24.0
00:58:11.168 , 0
00:58:16.176 , 25.0
00:58:21.161 , 21.0
00:58:26.163 , 21.0
00:58:31.778 , 19.0
00:58:36.176 , 14.0
00:58:41.191 , 19.0
00:58:46.192 , 24.5
00:58:51.211 , 26.25
00:58:56.228 , 26.25
00:59:01.232 , 0
00:59:06.238 , 29.0
00:59:11.240 , 29.0
00:59:16.160 , 26.5
00:59:21.287 , 21.0
00:59:26.359 , 0
00:59:31.168 , 0
00:59:36.177 , 0
00:59:41.184 , 25.0
00:59:46.196 , 0
00:59:51.214 , 0
00:59:56.219 , 0
01:00:01.174 , 0
01:00:06.163 , 0
01:00:11.172 , 0
01:00:16.170 , 0
01:00:21.171 , 0
01:00:26.210 , 31.0
01:00:31.179 , 39.0
01:00:36.173 , 0
01:00:41.171 , 31.25
01:00:46.320 , 0
01:00:51.309 , 0
01:00:56.184 , 0
01:01:01.170 , 0
01:01:06.187 , 40.0
01:01:11.173 , 23.0
01:01:16.241 , 0
01:01:21.193 , 0
01:01:26.214 , 0
01:01:31.246 , 36.75
01:01:36.194 , 0
01:01:41.206 , 0
01:01:46.213 , 0
01:01:51.220 , 0
01:01:56.227 , 0
01:02:01.239 , 0
01:02:06.285 , 0
01:02:11.459 , 0
01:02:16.277 , 0
01:02:21.197 , 0
01:02:26.209 , 0
01:02:31.195 , 0
01:02:36.203 , 0
01:02:41.199 , 0
01:02:46.191 , 0
01:02:51.199 , 0
01:02:56.254 , 0
01:03:01.180 , 0
01:03:06.196 , 0
01:03:11.200 , 0
01:03:16.188 , 0
01:03:21.182 , 0
01:03:26.261 , 0
01:03:31.250 , 0
01:03:36.322 , 0
01:03:41.240 , 0
01:03:46.196 , 0
01:03:51.202 , 0
01:03:56.260 , 0
01:04:01.219 , 0
01:04:06.291 , 0
01:04:11.227 , 0
01:04:16.203 , 0
01:04:21.209 , 0
01:04:26.224 , 0
01:04:31.242 , 36.75
01:04:36.251 , 0
01:04:41.262 , 36.0
01:04:46.300 , 0
01:04:51.276 , 0
01:04:56.371 , 0
01:05:01.223 , 0
01:05:06.299 , 0
01:05:11.192 , 0
01:05:16.217 , 0
01:05:21.205 , 0
01:05:26.197 , 0
01:05:31.196 , 0
01:05:36.208 , 0
01:05:41.232 , 0
01:05:46.243 , 0
01:05:51.214 , 0
01:05:56.215 , 0
01:06:01.221 , 0
01:06:06.297 , 39.5
01:06:11.283 , 0
01:06:16.370 , 0
01:06:21.215 , 0
01:06:26.228 , 0
01:06:31.323 , 40.0
01:06:36.234 , 37.75
01:06:41.236 , 0
01:06:46.240 , 0
01:06:51.240 , 0
01:06:56.245 , 41.5
01:07:01.250 , 41.5
01:07:06.265 , 41.5
01:07:11.226 , 41.5
01:07:16.266 , 41.5
01:07:21.314 , 41.5
01:07:26.299 , 41.5
01:07:31.407 , 41.5
01:07:36.398 , 41.5
01:07:41.289 , 41.5
01:07:46.217 , 41.5
01:07:51.244 , 41.5
01:07:56.222 , 41.5
01:08:01.233 , 41.5
01:08:06.223 , 41.5
01:08:11.219 , 41.5
01:08:16.224 , 41.5
01:08:21.225 , 41.5
01:08:26.230 , 41.5
01:08:31.227 , 0
01:08:36.224 , 0
01:08:41.218 , 33.5
01:08:46.263 , 0
01:08:51.241 , 34.5
01:08:56.234 , 0
01:09:01.236 , 39.5
01:09:06.242 , 0
01:09:11.249 , 0
01:09:16.256 , 0
01:09:21.262 , 0
01:09:26.276 , 0
01:09:31.281 , 0
01:09:36.237 , 0
01:09:41.236 , 0
01:09:46.281 , 0
01:09:51.244 , 0
01:09:56.305 , 0
01:10:01.319 , 0
01:10:06.281 , 0
01:10:11.294 , 0
01:10:16.286 , 0
01:10:21.228 , 0
01:10:26.262 , 0
01:10:31.265 , 0
01:10:36.238 , 0
01:10:41.260 , 0
01:10:46.236 , 0
01:10:51.261 , 0
01:10:56.269 , 0
01:11:01.273 , 0
01:11:06.282 , 0
01:11:11.289 , 0
01:11:16.295 , 0
01:11:21.302 , 0
01:11:26.309 , 0
01:11:31.236 , 0
01:11:36.321 , 0
01:11:41.233 , 0
01:11:46.367 , 0
01:11:51.246 , 0
01:11:56.278 , 0
01:12:01.250 , 0
01:12:06.250 , 0
01:12:11.270 , 0
01:12:16.277 , 0
01:12:21.273 , 0
01:12:26.351 , 0
01:12:31.241 , 0
01:12:36.244 , 0
01:12:41.274 , 0
01:12:46.245 , 0
01:12:51.252 , 0
01:12:56.259 , 0
01:13:01.365 , 0
01:13:06.314 , 0
01:13:11.269 , 0
01:13:16.293 , 0
01:13:21.246 , 0
01:13:26.250 , 0
01:13:31.256 , 0
01:13:36.292 , 0
01:13:41.322 , 0
01:13:46.311 , 0
01:13:51.276 , 0
01:13:56.311 , 0
01:14:01.320 , 0
01:14:06.330 , 0
01:14:11.251 , 0
01:14:16.259 , 0
01:14:21.343 , 0
01:14:26.278 , 0
01:14:31.468 , 0
01:14:36.264 , 0
01:14:41.263 , 0
01:14:46.263 , 0
01:14:51.274 , 0
01:14:56.266 , 0
01:15:01.262 , 0
01:15:06.264 , 0
01:15:11.261 , 0
01:15:16.296 , 0
01:15:21.274 , 0
01:15:26.263 , 0
01:15:31.260 , 0
01:15:36.267 , 0
01:15:41.268 , 0
01:15:46.399 , 0
01:15:51.366 , 0
01:15:56.266 , 0
01:16:01.276 , 0
01:16:06.299 , 0
01:16:11.270 , 0
01:16:16.316 , 0
01:16:21.322 , 0
01:16:26.329 , 0
01:16:31.331 , 0
01:16:36.335 , 0
01:16:41.273 , 0
01:16:46.336 , 0
01:16:51.275 , 0
01:16:56.276 , 0
01:17:01.286 , 0
01:17:06.326 , 0
01:17:11.363 , 0
01:17:16.416 , 0
01:17:21.285 , 0
01:17:26.293 , 0
01:17:31.344 , 0
01:17:36.284 , 0
01:17:41.280 , 0
01:17:46.269 , 0
01:17:51.283 , 0
01:17:56.275 , 0
01:18:01.279 , 0
01:18:06.315 , 0
01:18:11.308 , 0
01:18:16.315 , 0
01:18:21.292 , 0
01:18:26.316 , 0
01:18:31.339 , 0
01:18:36.349 , 0
01:18:41.435 , 0
01:18:46.299 , 0
01:18:51.296 , 0
01:18:56.306 , 0
01:19:01.302 , 0
01:19:06.311 , 0
01:19:11.325 , 0
01:19:16.334 , 0
01:19:21.354 , 0
01:19:26.364 , 0
01:19:31.392 , 0
01:19:36.405 , 0
01:19:41.408 , 0
01:19:46.334 , 0
01:19:51.349 , 0
01:19:56.445 , 0
01:20:01.502 , 0
01:20:06.372 , 0
01:20:11.336 , 0
01:20:16.384 , 0
01:20:21.354 , 0
01:20:26.366 , 0
01:20:31.417 , 0
01:20:36.314 , 0
01:20:41.323 , 0
01:20:46.342 , 0
01:20:51.342 , 0
01:20:56.347 , 0
01:21:01.324 , 0
01:21:06.297 , 0
01:21:11.313 , 0
01:21:16.301 , 0
01:21:21.366 , 0
01:21:26.419 , 0
01:21:31.303 , 0
01:21:36.342 , 0
01:21:41.370 , 0
01:21:46.296 , 0
01:21:51.314 , 0
01:21:56.308 , 0
01:22:01.327 , 0
01:22:06.429 , 0
01:22:11.321 , 0
01:22:16.325 , 0
01:22:21.356 , 0
01:22:26.353 , 0
01:22:31.303 , 0
01:22:36.318 , 0
01:22:41.591 , 0
01:22:46.498 , 0
01:22:51.397 , 0
01:22:56.314 , 0
01:23:01.318 , 0
01:23:06.333 , 0
01:23:11.343 , 0
01:23:16.351 , 0
01:23:21.308 , 0
01:23:26.309 , 0
01:23:31.310 , 0
01:23:36.312 , 0
01:23:41.344 , 0
01:23:46.334 , 0
01:23:51.315 , 0
01:23:56.309 , 0
01:24:01.310 , 0
01:24:06.450 , 0
01:24:11.445 , 0
01:24:16.339 , 0
01:24:21.342 , 0
01:24:26.354 , 0
01:24:31.357 , 0
01:24:36.358 , 0
01:24:41.369 , 0
01:24:46.379 , 0
01:24:51.394 , 0
01:24:56.323 , 0
01:25:01.313 , 0
01:25:06.332 , 0
01:25:11.341 , 0
01:25:16.350 , 0
01:25:21.399 , 0
01:25:26.435 , 0
01:25:31.392 , 0
01:25:36.368 , 0
01:25:41.371 , 0
01:25:46.376 , 0
01:25:51.380 , 0
01:25:56.363 , 0
01:26:01.323 , 0
01:26:06.328 , 0
01:26:11.324 , 0
01:26:16.330 , 0
01:26:21.330 , 0
01:26:26.328 , 0
01:26:31.339 , 0
01:26:36.360 , 0
01:26:41.350 , 0
01:26:46.365 , 0
01:26:51.345 , 0
01:26:56.404 , 0
01:27:01.374 , 0
01:27:06.336 , 0
01:27:11.343 , 0
01:27:16.397 , 0
01:27:21.347 , 0
01:27:26.408 , 0
01:27:31.368 , 0
01:27:36.385 , 0
01:27:41.383 , 0
01:27:46.365 , 0
01:27:51.403 , 0
01:27:56.369 , 0
01:28:01.375 , 0
01:28:06.377 , 0
01:28:11.384 , 0
01:28:16.397 , 0
01:28:21.485 , 0
01:28:26.395 , 0
01:28:31.406 , 0
01:28:36.365 , 0
01:28:41.338 , 0
01:28:46.342 , 0
01:28:51.337 , 0
01:28:56.351 , 0
01:29:01.341 , 0
01:29:06.347 , 0
01:29:11.352 , 0
01:29:16.353 , 0
01:29:21.374 , 0
01:29:26.382 , 0
01:29:31.387 , 0
01:29:36.496 , 0
01:29:41.445 , 0
01:29:46.408 , 0
01:29:51.416 , 0
01:29:56.420 , 0
01:30:01.426 , 0
01:30:06.346 , 0
01:30:11.354 , 0
01:30:16.345 , 0
01:30:21.346 , 0
01:30:26.362 , 0
01:30:31.350 , 0
01:30:36.357 , 0
01:30:41.378 , 0
01:30:46.379 , 0
01:30:51.382 , 0
01:30:56.385 , 0
01:31:01.397 , 0
01:31:06.489 , 0
01:31:11.355 , 0
01:31:16.371 , 0
01:31:21.356 , 0
01:31:26.369 , 0
01:31:31.355 , 0
01:31:36.365 , 0
01:31:41.408 , 0
01:31:46.360 , 0
01:31:51.365 , 0
01:31:56.424 , 0
01:32:01.435 , 0
01:32:06.365 , 0
01:32:11.406 , 0
01:32:16.402 , 0
01:32:21.386 , 0
01:32:26.511 , 0
01:32:31.410 , 0
01:32:36.408 , 0
01:32:41.410 , 0
01:32:46.360 , 0
01:32:51.447 , 0
01:32:56.454 , 0
01:33:01.389 , 0
01:33:06.395 , 0
01:33:11.492 , 0
01:33:16.380 , 0
01:33:21.404 , 0
01:33:26.398 , 0
01:33:31.386 , 0
01:33:36.380 , 0
01:33:41.367 , 0
01:33:46.381 , 0
01:33:51.432 , 0
01:33:56.369 , 0
01:34:01.372 , 0
01:34:06.395 , 0
01:34:11.419 , 0
01:34:16.389 , 0
01:34:21.420 , 0
01:34:26.377 , 0
01:34:31.381 , 0
01:34:36.395 , 0
01:34:41.388 , 0
01:34:46.374 , 0
01:34:51.377 , 0
01:34:56.390 , 0
01:35:01.409 , 0
01:35:06.388 , 0
01:35:11.429 , 0
01:35:16.537 , 0
01:35:21.411 , 0
01:35:26.417 , 0
01:35:31.422 , 0
01:35:36.444 , 0
01:35:41.406 , 0
01:35:46.414 , 0
01:35:51.409 , 0
01:35:56.388 , 0
01:36:01.387 , 0
01:36:06.391 , 0
01:36:11.391 , 0
01:36:11.391 , 0
01:36:16.391 , 0
01:36:21.384 , 0
01:36:26.396 , 0
01:36:31.401 , 0
01:36:36.508 , 0
01:36:41.575 , 0
01:36:46.388 , 0
01:36:51.400 , 0
01:36:56.418 , 0
01:37:01.384 , 0
01:37:06.388 , 0
01:37:16.458 , 0
01:37:21.392 , 0
01:37:26.404 , 0
01:37:26.404 , 0
01:37:36.399 , 0
01:37:41.401 , 0
01:37:46.425 , 0
01:37:51.427 , 0
01:37:56.465 , 0
01:38:01.667 , 0
01:38:06.549 , 0
01:38:11.489 , 0
01:38:16.417 , 0
01:38:21.439 , 0
01:38:26.440 , 0
01:38:31.448 , 0
01:38:36.461 , 0
01:38:41.472 , 0
01:38:46.398 , 0
01:38:51.399 , 0
01:38:56.414 , 0
01:39:01.413 , 0
01:39:06.436 , 0
01:39:11.689 , 0
01:39:16.679 , 0
01:39:21.448 , 0
01:39:26.423 , 0
01:39:31.436 , 0
01:39:36.448 , 0
01:39:41.453 , 0
01:39:46.473 , 0
01:39:51.485 , 0
01:39:56.415 , 0
01:40:01.408 , 0
01:40:06.402 , 0
01:40:11.418 , 0
01:40:16.435 , 0
01:40:21.471 , 0
01:40:26.440 , 0
01:40:31.437 , 0
01:40:36.502 , 0
01:40:41.657 , 0
01:40:41.657 , 0
01:40:41.657 , 0
01:40:41.657 , 0
01:40:41.657 , 0
01:40:41.657 , 0
01:40:41.657 , 0
01:40:41.657 , 0
01:40:41.657 , 0
01:40:41.657 , 0
01:40:41.657 , 0
01:40:41.657 , 0
01:40:41.657 , 0
01:40:41.657 , 0
01:40:41.657 , 0
01:40:41.657 , 0
01:40:41.657 , 0
01:40:41.657 , 0
01:40:41.657 , 0
01:40:41.657 , 0
01:40:41.657 , 0
01:40:41.657 , 0
01:40:41.657 , 0
01:40:41.657 , 0
01:40:41.657 , 0
01:40:41.657 , 0
01:40:41.657 , 0
01:40:41.657 , 0
01:40:41.657 , 0
01:40:41.657 , 0
01:40:41.657 , 0
01:40:41.657 , 0
01:40:41.657 , 0
01:40:41.657 , 0
01:40:41.657 , 0
01:40:41.657 , 0
01:40:41.657 , 0
01:40:41.657 , 0
01:40:41.657 , 0
01:40:41.657 , 0
01:40:41.657 , 0
01:40:41.657 , 0
01:40:41.657 , 0
01:40:41.657 , 0
01:40:41.657 , 0
01:40:41.657 , 0
01:40:41.657 , 0
01:40:41.657 , 0
01:40:41.657 , 0
01:40:41.657 , 0
