Liverpool v Man Utd_To Score_1427031000000_Fabio Borini13:30:01.061 , 0
13:30:05.901 , 0
13:30:10.907 , 0
13:30:15.939 , 0
13:30:20.896 , 0
13:30:25.918 , 0
13:30:30.946 , 0
13:30:35.920 , 0
13:30:40.958 , 0
13:30:46.061 , 0
13:30:50.885 , 0
13:30:55.878 , 0
13:31:00.956 , 0
13:31:05.930 , 0
13:31:10.912 , 0
13:31:15.934 , 0
13:31:20.888 , 0
13:31:25.925 , 0
13:31:30.942 , 0
13:31:35.948 , 0
13:31:40.953 , 0
13:31:45.926 , 0
13:31:51.013 , 0
13:31:55.946 , 0
13:32:01.045 , 0
13:32:05.987 , 0
13:32:11.102 , 0
13:32:15.933 , 0
13:32:20.897 , 0
13:32:25.926 , 0
13:32:30.912 , 0
13:32:35.888 , 0
13:32:40.944 , 0
13:32:45.929 , 0
13:32:50.886 , 0
13:32:55.957 , 0
13:33:00.950 , 0
13:33:05.882 , 0
13:33:10.919 , 0
13:33:15.938 , 0
13:33:20.896 , 0
13:33:26.073 , 0
13:33:30.956 , 0
13:33:36.006 , 0
13:33:40.927 , 0
13:33:45.944 , 0
13:33:50.891 , 0
13:33:55.932 , 0
13:34:00.940 , 0
13:34:05.895 , 0
13:34:10.934 , 0
13:34:15.998 , 0
13:34:20.940 , 0
13:34:25.919 , 0
13:34:30.929 , 0
13:34:35.894 , 0
13:34:42.148 , 0
13:34:45.925 , 0
13:34:51.002 , 0
13:34:55.959 , 0
13:35:01.029 , 0
13:35:05.899 , 0
13:35:10.989 , 0
13:35:15.969 , 0
13:35:20.908 , 0
13:35:25.928 , 0
13:35:30.930 , 0
13:35:35.899 , 0
13:35:40.940 , 0
13:35:45.922 , 0
13:35:50.907 , 0
13:35:55.939 , 0
13:36:00.932 , 0
13:36:05.930 , 0
13:36:10.934 , 0
13:36:16.058 , 0
13:36:21.014 , 0
13:36:25.936 , 0
13:36:31.086 , 0
13:36:35.911 , 0
13:36:40.942 , 0
13:36:45.958 , 0
13:36:50.918 , 0
13:36:55.946 , 0
13:37:00.935 , 0
13:37:05.912 , 0
13:37:10.938 , 0
13:37:15.981 , 0
13:37:20.917 , 0
13:37:25.936 , 0
13:37:30.942 , 0
13:37:35.974 , 0
13:37:41.062 , 0
13:37:45.942 , 0
13:37:50.942 , 0
13:37:55.924 , 0
13:38:00.936 , 0
13:38:05.925 , 0
13:38:10.918 , 0
13:38:15.937 , 0
13:38:20.930 , 0
13:38:25.929 , 0
13:38:30.948 , 0
13:38:35.924 , 0
13:38:40.926 , 0
13:38:45.952 , 0
13:38:50.920 , 0
13:38:56.046 , 0
13:39:01.063 , 0
13:39:06.058 , 0
13:39:10.937 , 0
13:39:15.921 , 0
13:39:20.943 , 0
13:39:25.961 , 0
13:39:30.947 , 0
13:39:35.963 , 0
13:39:40.939 , 0
13:39:45.922 , 0
13:39:50.923 , 0
13:39:55.932 , 0
13:40:00.968 , 0
13:40:05.958 , 0
13:40:10.953 , 0
13:40:15.941 , 0
13:40:21.087 , 0
13:40:25.983 , 0
13:40:30.963 , 0
13:40:35.933 , 0
13:40:40.948 , 0
13:40:45.961 , 0
13:40:50.939 , 0
13:40:55.942 , 0
13:41:00.939 , 0
13:41:05.949 , 0
13:41:10.935 , 0
13:41:16.032 , 0
13:41:20.956 , 0
13:41:25.954 , 0
13:41:30.958 , 0
13:41:35.932 , 0
13:41:40.964 , 0
13:41:46.010 , 0
13:41:51.183 , 0
13:41:55.941 , 0
13:42:00.961 , 0
13:42:05.930 , 0
13:42:10.950 , 0
13:42:16.008 , 0
13:42:20.942 , 0
13:42:25.985 , 0
13:42:30.938 , 0
13:42:35.932 , 0
13:42:40.990 , 0
13:42:45.946 , 0
13:42:50.941 , 0
13:42:55.979 , 0
13:43:00.964 , 0
13:43:05.948 , 0
13:43:10.983 , 0
13:43:16.116 , 0
13:43:22.295 , 0
13:43:25.942 , 0
13:43:30.969 , 0
13:43:35.940 , 0
13:43:40.956 , 0
13:43:45.938 , 0
13:43:50.935 , 0
13:43:55.963 , 0
13:44:00.938 , 0
13:44:05.945 , 0
13:44:10.974 , 0
13:44:15.945 , 0
13:44:20.946 , 0
13:44:25.994 , 0
13:44:30.954 , 0
13:44:36.270 , 0
13:44:41.075 , 0
13:44:45.955 , 0
13:44:50.960 , 0
13:44:55.955 , 0
13:45:00.994 , 0
13:45:05.956 , 0
13:45:10.994 , 0
13:45:15.971 , 0
13:45:20.975 , 0
13:45:26.029 , 0
13:45:30.989 , 0
13:45:35.958 , 0
13:45:40.981 , 0
13:45:46.094 , 0
13:45:50.952 , 0
13:45:56.085 , 0
13:46:00.953 , 0
13:46:06.049 , 0
13:46:11.005 , 0
13:46:15.969 , 0
13:46:20.980 , 0
13:46:25.980 , 0
13:46:30.963 , 0
13:46:35.968 , 0
13:46:40.974 , 0
13:46:46.006 , 0
13:46:50.976 , 0
13:46:55.972 , 0
13:47:00.962 , 0
13:47:05.963 , 0
13:47:10.966 , 0
13:47:15.972 , 0
13:47:21.075 , 0
13:47:26.044 , 0
13:47:31.111 , 0
13:47:35.966 , 0
13:47:40.999 , 0
13:47:45.972 , 0
13:47:50.968 , 0
13:47:55.971 , 0
13:48:00.977 , 0
13:48:06.007 , 0
13:48:10.983 , 0
13:48:16.020 , 0
13:48:21.178 , 0
13:48:25.973 , 0
13:48:30.993 , 0
13:48:35.990 , 0
13:48:41.073 , 0
13:48:46.058 , 0
13:48:51.134 , 0
13:48:56.002 , 0
13:49:00.973 , 0
13:49:05.976 , 0
13:49:10.980 , 0
13:49:15.992 , 0
13:49:20.977 , 0
13:49:26.016 , 0
13:49:30.986 , 0
13:49:35.992 , 0
13:49:41.012 , 0
13:49:46.055 , 0
13:49:50.993 , 0
13:49:56.010 , 0
13:50:01.028 , 0
13:50:05.994 , 0
13:50:11.047 , 0
13:50:16.134 , 0
13:50:20.986 , 0
13:50:26.003 , 0
13:50:31.069 , 0
13:50:35.987 , 0
13:50:41.012 , 0
13:50:46.221 , 0
13:50:51.021 , 0
13:50:55.996 , 0
13:51:01.013 , 0
13:51:06.008 , 0
13:51:11.008 , 0
13:51:16.008 , 0
13:51:21.003 , 0
13:51:25.997 , 0
13:51:31.007 , 0
13:51:36 , 0
13:51:41.151 , 0
13:51:46.073 , 0
13:51:50.988 , 0
13:51:55.998 , 0
13:52:01.053 , 0
13:52:06.173 , 0
13:52:10.993 , 0
13:52:16.082 , 0
13:52:21.002 , 0
13:52:26.038 , 0
13:52:30.999 , 0
13:52:36.004 , 0
13:52:40.991 , 0
13:52:46.016 , 0
13:52:51.032 , 0
13:52:56.004 , 0
13:53:01.079 , 0
13:53:06.176 , 0
13:53:11.089 , 0
13:53:16.024 , 0
13:53:21.004 , 0
13:53:26.009 , 0
13:53:31.044 , 0
13:53:36 , 0
13:53:41.004 , 0
13:53:46.004 , 0
13:53:51.032 , 0
13:53:56.033 , 0
13:54:01.008 , 0
13:54:06.007 , 0
13:54:11.044 , 0
13:54:16.042 , 0
13:54:21.013 , 0
13:54:26.088 , 0
13:54:31.008 , 0
13:54:36.002 , 0
13:54:41.039 , 0
13:54:46.037 , 0
13:54:51.011 , 0
13:54:56.016 , 0
13:55:01.042 , 0
13:55:06.031 , 0
13:55:11.024 , 0
13:55:16.013 , 0
13:55:21.069 , 0
13:55:26.025 , 0
13:55:31.013 , 0
13:55:36.034 , 0
13:55:41.073 , 0
13:55:46.196 , 0
13:55:51.096 , 0
13:55:56.236 , 0
13:56:01.038 , 0
13:56:06.065 , 0
13:56:11.021 , 0
13:56:16.024 , 0
13:56:21.037 , 0
13:56:26.078 , 0
13:56:31.043 , 0
13:56:36.025 , 0
13:56:41.151 , 0
13:56:46.067 , 0
13:56:51.024 , 0
13:56:56.069 , 0
13:57:01.028 , 0
13:57:06.044 , 0
13:57:11.182 , 0
13:57:16.130 , 0
13:57:21.204 , 0
13:57:26.040 , 0
13:57:31.048 , 0
13:57:36.048 , 0
13:57:41.096 , 0
13:57:46.057 , 0
13:57:51.037 , 0
13:57:56.058 , 0
13:58:01.098 , 0
13:58:06.031 , 0
13:58:11.056 , 0
13:58:16.032 , 0
13:58:21.023 , 0
13:58:26.085 , 0
13:58:31.040 , 0
13:58:36.424 , 0
13:58:41.071 , 0
13:58:46.065 , 0
13:58:51.038 , 0
13:58:56.053 , 0
13:59:01.064 , 0
13:59:06.063 , 0
13:59:11.067 , 0
13:59:16.038 , 0
13:59:21.038 , 0
13:59:26.078 , 0
13:59:31.038 , 0
13:59:36.052 , 0
13:59:41.072 , 0
13:59:46.058 , 0
13:59:51.060 , 0
13:59:56.048 , 0
14:00:01.112 , 0
14:00:06.163 , 0
14:00:11.059 , 0
14:00:16.055 , 0
14:00:21.038 , 0
14:00:26.043 , 0
14:00:31.037 , 0
14:00:36.053 , 0
14:00:41.083 , 0
14:00:46.047 , 0
14:00:51.071 , 0
14:00:56.083 , 0
14:01:01.095 , 0
14:01:06.134 , 0
14:01:11.081 , 0
14:01:16.076 , 0
14:01:21.056 , 0
14:01:26.107 , 0
14:01:31.054 , 0
14:01:36.048 , 0
14:01:41.110 , 0
14:01:46.057 , 0
14:01:51.046 , 0
14:01:56.188 , 0
14:02:01.092 , 0
14:02:06.074 , 0
14:02:11.061 , 0
14:02:16.059 , 0
14:02:21.066 , 0
14:02:26.055 , 0
14:02:31.093 , 0
14:02:36.056 , 0
14:02:41.058 , 0
14:02:46.065 , 0
14:02:51.089 , 0
14:02:56.180 , 0
14:03:01.059 , 0
14:03:06.076 , 0
14:03:11.069 , 0
14:03:16.060 , 0
14:03:21.068 , 0
14:03:26.068 , 0
14:03:31.073 , 0
14:03:36.067 , 0
14:03:41.097 , 0
14:03:46.070 , 0
14:03:51.064 , 0
14:03:56.079 , 0
14:04:01.075 , 0
14:04:06.106 , 0
14:04:11.082 , 0
14:04:16.071 , 0
14:04:24.071 , 0
14:04:26.072 , 0
14:04:31.083 , 0
14:04:36.103 , 0
14:04:41.072 , 0
14:04:46.076 , 0
14:04:51.106 , 0
14:04:56.079 , 0
14:05:01.083 , 0
14:05:06.259 , 0
14:05:11.294 , 0
14:05:16.077 , 0
14:05:21.075 , 0
14:05:26.124 , 0
14:05:31.194 , 0
14:05:36.120 , 0
14:05:41.162 , 0
14:05:46.210 , 0
14:05:51.072 , 0
14:05:56.110 , 0
14:06:01.084 , 0
14:06:06.077 , 0
14:06:11.089 , 0
14:06:16.163 , 0
14:06:21.154 , 0
14:06:26.092 , 0
14:06:31.090 , 0
14:06:36.149 , 0
14:06:41.074 , 0
14:06:46.117 , 0
14:06:51.095 , 0
14:06:56.100 , 0
14:07:01.246 , 0
14:07:06.184 , 0
14:07:11.195 , 0
14:07:16.114 , 0
14:07:21.115 , 0
14:07:26.101 , 0
14:07:31.089 , 0
14:07:36.092 , 0
14:07:42.123 , 0
14:07:46.158 , 0
14:07:51.753 , 0
14:07:56.086 , 0
14:08:01.085 , 0
14:08:06.111 , 0
14:08:11.149 , 0
14:08:16.136 , 0
14:08:21.094 , 0
14:08:26.120 , 0
14:08:31.146 , 0
14:08:36.211 , 0
14:08:41.138 , 0
14:08:46.098 , 0
14:08:51.157 , 0
14:08:56.105 , 0
14:09:01.110 , 0
14:09:06.103 , 0
14:09:11.134 , 0
14:09:16.113 , 0
14:09:21.116 , 0
14:09:26.168 , 0
14:09:31.188 , 0
14:09:36.106 , 0
14:09:41.142 , 0
14:09:46.713 , 0
14:09:52.186 , 0
14:09:58.720 , 0
14:10:01.347 , 0
14:10:06.222 , 0
14:10:11.120 , 0
14:10:16.167 , 0
14:10:21.109 , 0
14:10:26.180 , 0
14:10:31.123 , 0
14:10:36.118 , 0
14:10:41.149 , 0
14:10:46.264 , 0
14:10:51.110 , 0
14:10:56.125 , 0
14:11:01.126 , 0
14:11:06.126 , 0
14:11:11.123 , 0
14:11:16.115 , 0
14:11:21.302 , 0
14:11:26.107 , 0
14:11:31.246 , 0
14:11:36.160 , 0
14:11:41.159 , 0
14:11:46.134 , 0
14:11:51.153 , 0
14:11:56.134 , 0
14:12:01.111 , 0
14:12:06.139 , 0
14:12:11.187 , 0
14:12:16.121 , 0
14:12:21.529 , 0
14:12:26.112 , 0
14:12:31.122 , 0
14:12:36.115 , 0
14:12:41.346 , 0
14:12:46.322 , 0
14:12:51.235 , 0
14:12:56.201 , 0
14:13:01.124 , 0
14:13:06.132 , 0
14:13:11.138 , 0
14:13:16.117 , 0
14:13:21.141 , 0
14:13:26.125 , 0
14:13:31.120 , 0
14:13:36.114 , 0
14:13:41.231 , 0
14:13:46.582 , 0
14:13:51.123 , 0
14:13:56.141 , 0
14:14:01.125 , 0
14:14:06.163 , 0
14:14:12.589 , 0
14:14:16.191 , 0
14:14:21.407 , 0
14:14:26.159 , 0
14:14:31.130 , 0
14:14:36.133 , 0
14:14:41.135 , 0
14:14:46.131 , 0
14:14:51.134 , 0
14:14:56.135 , 0
14:15:01.212 , 0
14:15:06.139 , 0
14:15:11.150 , 0
14:15:16.140 , 0
14:15:21.154 , 0
14:15:26.138 , 0
14:15:31.145 , 0
14:15:36.132 , 0
14:15:41.133 , 0
14:15:46.400 , 0
14:15:51.157 , 0
14:15:56.172 , 0
14:16:01.165 , 0
14:16:06.139 , 0
14:16:11.160 , 0
14:16:16.149 , 0
14:16:21.151 , 0
14:16:26.133 , 0
14:16:31.215 , 0
14:16:36.141 , 0
14:16:41.151 , 0
14:16:46.142 , 0
14:16:51.147 , 0
14:16:56.134 , 0
14:17:01.220 , 0
14:17:06.135 , 0
14:17:11.268 , 0
14:17:16.149 , 0
14:17:21.175 , 0
14:17:26.157 , 0
14:17:31.142 , 0
14:17:36.159 , 0
14:17:41.134 , 0
14:17:46.181 , 0
14:17:51.143 , 0
14:17:56.142 , 0
14:18:01.143 , 0
14:18:06.141 , 0
14:18:11.199 , 0
14:18:16.165 , 0
14:18:21.157 , 0
14:18:26.216 , 0
14:18:31.146 , 0
14:18:36.300 , 0
14:18:41.181 , 0
14:18:46.183 , 0
14:18:51.173 , 0
14:18:56.174 , 0
14:19:06.158 , 0
14:19:11.149 , 0
14:19:16.156 , 0
14:19:21.171 , 0
14:19:26.170 , 0
14:19:31.150 , 0
14:19:36.161 , 0
14:19:41.197 , 0
14:19:46.159 , 0
14:19:51.185 , 0
14:19:56.798 , 0
14:20:01.228 , 0
14:20:06.258 , 0
14:20:11.166 , 0
14:20:16.168 , 0
14:20:21.187 , 0
14:20:26.195 , 0
14:20:31.241 , 0
14:20:36.157 , 0
14:20:41.188 , 0
14:20:46.158 , 0
14:20:51.191 , 0
14:20:56.164 , 0
14:21:01.189 , 0
14:21:06.189 , 0
14:21:11.164 , 0
14:21:16.156 , 0
14:21:21.220 , 0
14:21:26.231 , 0
14:21:31.279 , 0
14:21:36.253 , 0
14:21:41.170 , 0
14:21:46.173 , 0
14:21:51.167 , 0
14:21:56.166 , 0
14:22:01.219 , 0
14:22:06.211 , 0
14:22:11.308 , 0
14:22:16.172 , 0
14:22:21.164 , 0
14:22:26.202 , 0
14:22:31.362 , 0
14:22:36.165 , 0
14:22:41.197 , 0
14:22:46.288 , 0
14:22:51.250 , 0
14:22:56.309 , 0
14:23:01.182 , 0
14:23:06.171 , 0
14:23:11.191 , 0
14:23:16.170 , 0
14:23:21.207 , 0
14:23:26.171 , 0
14:23:31.171 , 0
14:23:36.185 , 0
14:23:41.203 , 0
14:23:46.842 , 0
14:23:51.184 , 0
14:23:56.181 , 0
14:24:01.175 , 0
14:24:06.181 , 0
14:24:11.292 , 0
14:24:16.216 , 0
14:24:21.314 , 0
14:24:26.201 , 0
14:24:31.229 , 0
14:24:36.198 , 0
14:24:41.201 , 0
14:24:46.189 , 0
14:24:51.180 , 0
14:24:56.187 , 0
14:25:01.209 , 0
14:25:06.230 , 0
14:25:11.224 , 0
14:25:16.189 , 0
14:25:21.183 , 0
14:25:26.210 , 0
14:25:31.231 , 0
14:25:36.210 , 0
14:25:41.333 , 0
14:25:46.448 , 0
14:25:51.193 , 0
14:25:56.383 , 0
14:26:01.214 , 0
14:26:06.202 , 0
14:26:11.227 , 0
14:26:16.729 , 0
14:26:21.222 , 0
14:26:26.196 , 0
14:26:31.461 , 0
14:26:36.195 , 0
14:26:41.294 , 0
14:26:46.203 , 0
14:26:51.193 , 0
14:26:56.210 , 0
14:27:01.212 , 0
14:27:06.405 , 0
14:27:11.359 , 0
14:27:16.187 , 0
14:27:21.255 , 0
14:27:26.191 , 0
14:27:31.206 , 0
14:27:36.240 , 0
14:27:41.314 , 0
14:27:46.280 , 0
14:27:51.233 , 0
14:27:56.207 , 0
14:28:01.525 , 0
14:28:06.233 , 0
14:28:11.205 , 0
14:28:16.210 , 0
14:28:21.201 , 0
14:28:26.221 , 0
14:28:31.367 , 0
14:28:36.321 , 0
14:28:41.243 , 0
14:28:46.214 , 0
14:28:51.225 , 0
14:28:56.384 , 0
14:29:01.257 , 0
14:29:06.242 , 0
14:29:11.218 , 0
14:29:16.238 , 0
14:29:21.216 , 0
14:29:26.236 , 0
14:29:31.499 , 0
14:29:36.222 , 0
14:29:41.222 , 0
14:29:46.253 , 0
14:29:51.265 , 0
14:29:56.238 , 0
14:30:01.340 , 0
14:30:06.235 , 0
14:30:11.230 , 0
14:30:16.217 , 0
14:30:21.235 , 0
14:30:26.253 , 0
14:30:31.261 , 0
14:30:36.241 , 0
14:30:41.295 , 0
14:30:46.236 , 0
14:30:51.227 , 0
14:30:56.307 , 0
14:31:01.217 , 0
14:31:06.225 , 0
14:31:11.272 , 0
14:31:16.223 , 0
14:31:21.367 , 0
14:31:26.284 , 0
14:31:31.225 , 0
14:31:36.239 , 0
14:31:41.230 , 0
14:31:46.297 , 0
14:31:51.225 , 0
14:31:56.353 , 0
14:32:01.313 , 0
14:32:06.254 , 0
14:32:11.258 , 0
14:32:16.239 , 0
14:32:21.380 , 0
14:32:26.255 , 0
14:32:31.253 , 0
14:32:37.279 , 0
14:32:41.228 , 0
14:32:46.352 , 0
14:32:51.374 , 0
14:32:56.265 , 0
14:33:01.255 , 0
14:33:06.260 , 0
14:33:11.261 , 0
14:33:16.230 , 0
14:33:21.429 , 0
14:33:26.245 , 0
14:33:31.287 , 0
14:33:36.265 , 0
14:33:41.273 , 0
14:33:46.279 , 0
14:33:51.230 , 0
14:33:56.227 , 0
14:34:01.230 , 0
14:34:06.239 , 0
14:34:11.319 , 0
14:34:16.377 , 0
14:34:21.254 , 0
14:34:26.231 , 0
14:34:31.243 , 0
14:34:36.266 , 0
14:34:41.267 , 0
14:34:46.261 , 0
14:34:51.242 , 0
14:34:56.235 , 0
14:35:01.295 , 0
14:35:06.244 , 0
14:35:11.288 , 0
14:35:16.253 , 0
14:35:21.236 , 0
14:35:26.244 , 0
14:35:31.242 , 0
14:35:36.543 , 0
14:35:41.251 , 0
14:35:46.241 , 0
14:35:51.517 , 0
14:35:56.307 , 0
14:36:01.322 , 0
14:36:06.242 , 0
14:36:12.486 , 0
14:36:16.337 , 0
14:36:21.254 , 0
14:36:26.258 , 0
14:36:31.263 , 0
14:36:36.247 , 0
14:36:41.307 , 0
14:36:46.422 , 0
14:36:51.303 , 0
14:36:56.470 , 0
14:37:01.257 , 0
14:37:06.421 , 0
14:37:11.252 , 0
14:37:16.250 , 0
14:37:21.256 , 0
14:37:26.285 , 0
14:37:31.279 , 0
14:37:36.269 , 0
14:37:42.631 , 0
14:37:46.698 , 0
14:37:51.271 , 0
14:37:56.250 , 0
14:38:01.270 , 0
14:38:06.259 , 0
14:38:11.274 , 0
14:38:16.266 , 0
14:38:21.277 , 0
14:38:26.354 , 0
14:38:31.464 , 0
14:38:36.398 , 0
14:38:41.307 , 0
14:38:46.260 , 0
14:38:51.291 , 0
14:38:56.269 , 0
14:39:01.300 , 0
14:39:06.264 , 0
14:39:11.268 , 0
14:39:16.296 , 0
14:39:21.268 , 0
14:39:26.275 , 0
14:39:31.258 , 0
14:39:36.274 , 0
14:39:41.272 , 0
14:39:46.271 , 0
14:39:51.339 , 0
14:39:56.325 , 0
14:40:01.610 , 0
14:40:06.428 , 0
14:40:11.282 , 0
14:40:16.291 , 0
14:40:21.269 , 0
14:40:26.313 , 0
14:40:31.426 , 0
14:40:36.269 , 0
14:40:41.276 , 0
14:40:46.302 , 0
14:40:51.582 , 0
14:40:56.391 , 0
14:41:01.444 , 0
14:41:06.270 , 0
14:41:11.270 , 0
14:41:16.415 , 0
14:41:21.560 , 0
14:41:26.414 , 0
14:41:31.287 , 0
14:41:36.475 , 0
14:41:41.285 , 0
14:41:46.287 , 0
14:41:51.285 , 0
14:41:56.331 , 0
14:42:01.273 , 0
14:42:06.311 , 0
14:42:11.720 , 0
14:42:17.511 , 0
14:42:22.790 , 0
14:42:26.974 , 0
14:42:34.737 , 0
14:42:36.609 , 0
14:42:41.376 , 0
14:42:46.328 , 0
14:42:51.302 , 0
14:42:56.283 , 0
14:43:01.281 , 0
14:43:06.280 , 0
14:43:11.343 , 0
14:43:16.285 , 0
14:43:21.288 , 0
14:43:26.280 , 0
14:43:31.303 , 0
14:43:36.278 , 0
14:43:41.470 , 0
14:43:46.283 , 0
14:43:52.598 , 0
14:43:56.776 , 0
14:44:01.926 , 0
14:44:06.613 , 0
14:44:11.322 , 0
14:44:16.291 , 0
14:44:21.298 , 0
14:44:26.310 , 0
14:44:31.316 , 0
14:44:36.291 , 0
14:44:41.283 , 0
14:44:46.304 , 0
14:44:51.317 , 0
14:44:56.294 , 0
14:45:01.296 , 0
14:45:06.316 , 0
14:45:11.295 , 0
14:45:16.332 , 0
14:45:21.310 , 0
14:45:26.314 , 0
14:45:31.462 , 0
14:45:36.360 , 0
14:45:41.296 , 0
14:45:46.296 , 0
14:45:51.999 , 0
14:45:56.326 , 0
14:46:01.293 , 0
14:46:06.305 , 0
14:46:11.302 , 0
14:46:16.305 , 0
14:46:21.302 , 0
14:46:26.329 , 0
14:46:31.357 , 0
14:46:36.299 , 0
14:46:41.310 , 0
14:46:46.309 , 0
14:46:51.306 , 0
14:46:56.454 , 0
14:47:01.374 , 0
14:47:06.370 , 0
14:47:11.309 , 0
14:47:16.339 , 0
14:47:21.328 , 0
14:47:26.324 , 0
14:47:31.314 , 0
14:47:36.308 , 0
14:47:41.325 , 0
14:47:46.696 , 0
14:47:51.356 , 0
14:47:56.692 , 0
14:48:01.315 , 0
14:48:06.312 , 0
14:48:11.318 , 0
14:48:16.322 , 0
14:48:21.337 , 0
14:48:26.693 , 0
14:48:31.315 , 0
14:48:36.331 , 0
14:48:41.318 , 0
14:48:46.327 , 0
14:48:51.332 , 0
14:48:56.321 , 0
14:49:01.327 , 0
14:49:06.627 , 0
14:49:11.345 , 0
14:49:16.324 , 0
14:49:21.324 , 0
14:49:26.323 , 0
14:49:31.332 , 0
14:49:36.366 , 0
14:49:41.584 , 0
14:49:46.589 , 0
14:49:51.390 , 0
14:49:56.347 , 0
14:50:01.361 , 0
14:50:06.344 , 0
14:50:11.318 , 0
14:50:16.331 , 0
14:50:21.324 , 0
14:50:26.368 , 0
14:50:31.329 , 0
14:50:36.328 , 0
14:50:41.651 , 0
14:50:46.361 , 0
14:50:51.333 , 0
14:50:56.403 , 0
14:51:01.337 , 0
14:51:06.651 , 0
14:51:11.387 , 0
14:51:16.559 , 0
14:51:21.593 , 0
14:51:26.330 , 0
14:51:31.359 , 0
14:51:36.327 , 0
14:51:41.363 , 0
14:51:46.582 , 0
14:51:51.336 , 0
14:51:56.351 , 0
14:52:01.363 , 0
14:52:06.330 , 0
14:52:11.405 , 0
14:52:16.344 , 0
14:52:21.342 , 0
14:52:26.461 , 0
14:52:31.418 , 0
14:52:36.592 , 0
14:52:41.769 , 0
14:52:46.339 , 0
14:52:51.369 , 0
14:52:56.372 , 0
14:53:01.334 , 0
14:53:06.789 , 0
14:53:11.377 , 0
14:53:16.577 , 0
14:53:21.502 , 0
14:53:26.359 , 0
14:53:31.355 , 0
14:53:36.371 , 0
14:53:41.556 , 0
14:53:46.354 , 0
14:53:51.341 , 0
14:53:56.593 , 0
14:54:01.460 , 0
14:54:06.463 , 0
14:54:11.354 , 0
14:54:16.342 , 0
14:54:21.383 , 0
14:54:26.350 , 0
14:54:31.346 , 0
14:54:36.358 , 0
14:54:41.348 , 0
14:54:46.353 , 0
14:54:51.380 , 0
14:54:56.359 , 0
14:55:01.646 , 0
14:55:06.599 , 0
14:55:11.360 , 0
14:55:16.356 , 0
14:55:21.358 , 0
14:55:26.473 , 0
14:55:31.347 , 0
14:55:36.474 , 0
14:55:41.355 , 0
14:55:46.365 , 0
14:55:51.416 , 0
14:55:56.468 , 0
14:56:01.392 , 0
14:56:06.391 , 0
14:56:11.357 , 0
14:56:16.482 , 0
14:56:21.414 , 0
14:56:26.383 , 0
14:56:31.378 , 0
14:56:36.353 , 0
14:56:41.361 , 0
14:56:46.356 , 0
14:56:51.424 , 0
14:56:56.479 , 0
14:57:01.474 , 0
14:57:06.356 , 0
14:57:11.395 , 0
14:57:16.380 , 0
14:57:21.370 , 0
14:57:26.415 , 0
14:57:31.396 , 0
14:57:36.357 , 0
14:57:41.377 , 0
14:57:46.382 , 0
14:57:51.366 , 0
14:57:56.609 , 0
14:58:01.424 , 0
14:58:06.688 , 0
14:58:12.410 , 0
14:58:17.246 , 0
14:58:22.390 , 0
14:58:27.357 , 0
14:58:32.320 , 0
14:58:37.243 , 0
14:58:42.324 , 0
14:58:47.290 , 0
14:58:52.303 , 0
14:59:00.131 , 0
14:59:02.112 , 0
14:59:07.162 , 0
14:59:12.141 , 0
14:59:16.834 , 0
14:59:21.876 , 0
14:59:26.956 , 0
14:59:31.634 , 0
14:59:36.590 , 0
14:59:41.722 , 0
14:59:46.672 , 0
14:59:51.625 , 0
14:59:56.392 , 0
15:00:01.371 , 0
15:00:06.374 , 0
15:00:11.394 , 0
15:00:16.432 , 0
15:00:21.594 , 0
15:00:26.746 , 0
15:00:31.483 , 0
15:00:36.503 , 0
15:00:41.566 , 0
15:00:46.707 , 0
15:00:51.564 , 0
15:00:56.394 , 0
15:01:01.377 , 0
15:01:06.652 , 0
15:01:12.047 , 0
15:01:16.406 , 0
15:01:21.406 , 0
15:01:26.441 , 0
15:01:31.404 , 0
15:01:36.390 , 0
15:01:41.464 , 0
15:01:46.437 , 0
15:01:51.394 , 0
15:01:56.381 , 0
15:02:01.431 , 0
15:02:06.385 , 0
15:02:11.380 , 0
15:02:16.416 , 0
15:02:21.434 , 0
15:02:26.389 , 0
15:02:31.449 , 0
15:02:36.551 , 0
15:02:41.400 , 0
15:02:46.384 , 0
15:02:51.415 , 0
15:02:56.424 , 0
15:03:01.401 , 0
15:03:06.399 , 0
15:03:11.415 , 0
15:03:16.416 , 0
15:03:21.407 , 0
15:03:26.390 , 0
15:03:31.397 , 0
15:03:36.398 , 0
15:03:41.447 , 0
15:03:46.392 , 0
15:03:51.408 , 0
15:03:56.469 , 0
15:04:01.486 , 0
15:04:06.404 , 0
15:04:11.459 , 0
15:04:16.420 , 0
15:04:21.437 , 0
15:04:26.445 , 0
15:04:31.408 , 0
15:04:36.442 , 0
15:04:41.422 , 0
15:04:46.416 , 0
15:04:51.407 , 0
15:04:56.571 , 0
15:05:02.119 , 0
15:05:06.438 , 0
15:05:11.427 , 0
15:05:16.482 , 0
15:05:21.821 , 0
15:05:26.544 , 0
15:05:31.465 , 0
15:05:36.829 , 0
15:05:41.593 , 0
15:05:46.676 , 0
15:05:51.470 , 0
15:05:56.432 , 0
15:06:01.432 , 0
15:06:06.463 , 0
15:06:11.442 , 0
15:06:16.442 , 0
15:06:21.523 , 0
15:06:26.497 , 0
15:06:31.427 , 0
15:06:36.433 , 0
15:06:41.441 , 0
15:06:46.608 , 0
15:06:51.499 , 0
15:06:56.910 , 0
15:07:01.686 , 0
15:07:06.488 , 0
15:07:11.453 , 0
15:07:16.422 , 0
15:07:21.469 , 0
15:07:26.938 , 0
15:07:31.975 , 0
15:07:37.142 , 0
15:07:41.481 , 0
15:07:46.618 , 0
15:07:51.440 , 0
15:07:56.451 , 0
15:08:01.480 , 0
15:08:07.064 , 0
15:08:11.504 , 0
15:08:16.738 , 0
15:08:21.464 , 0
15:08:26.434 , 0
15:08:31.871 , 0
15:08:36.867 , 0
15:08:41.829 , 0
15:08:46.474 , 0
15:08:51.793 , 0
15:08:56.867 , 0
15:09:01.751 , 0
15:09:06.703 , 0
15:09:11.481 , 0
15:09:16.490 , 0
15:09:21.483 , 0
15:09:26.616 , 0
15:09:31.440 , 0
15:09:36.524 , 0
15:09:41.586 , 0
15:09:46.463 , 0
15:09:51.746 , 0
15:09:56.689 , 0
15:10:01.477 , 0
15:10:06.445 , 0
15:10:12.409 , 0
15:10:17.501 , 0
15:10:21.865 , 0
15:10:26.480 , 0
15:10:31.902 , 0
15:10:37.389 , 0
15:10:42.339 , 0
15:10:47.254 , 0
15:10:52.349 , 0
15:10:57.187 , 0
15:11:02.492 , 0
15:11:07.279 , 0
15:11:12.307 , 0
15:11:16.487 , 0
15:11:21.481 , 0
15:11:26.451 , 0
15:11:31.458 , 0
15:11:36.490 , 0
15:11:41.453 , 0
15:11:48.452 , 0
15:11:51.677 , 0
15:11:56.611 , 0
15:12:01.622 , 0
15:12:06.505 , 0
15:12:11.461 , 0
15:12:16.527 , 0
15:12:21.541 , 0
15:12:26.541 , 0
15:12:31.631 , 0
15:12:36.630 , 0
15:12:41.646 , 0
15:12:46.492 , 0
15:12:51.467 , 0
15:12:56.488 , 0
15:13:01.589 , 0
15:13:06.474 , 0
15:13:11.482 , 0
15:13:16.502 , 0
15:13:21.487 , 0
15:13:26.496 , 0
15:13:31.550 , 0
15:13:36.488 , 0
15:13:41.470 , 0
15:13:46.505 , 0
15:13:51.559 , 0
15:13:56.619 , 0
15:14:01.475 , 0
15:14:06.484 , 0
15:14:11.475 , 0
15:14:16.478 , 0
15:14:21.603 , 0
15:14:26.475 , 0
15:14:31.461 , 0
15:14:36.461 , 0
15:14:41.494 , 0
15:14:46.469 , 0
15:14:51.473 , 0
15:14:56.475 , 0
15:15:01.472 , 0
15:15:06.463 , 0
15:15:11.478 , 0
15:15:16.481 , 0
15:15:21.579 , 0
15:15:26.468 , 0
15:15:31.528 , 0
15:15:36.492 , 0
15:15:41.482 , 0
15:15:46.504 , 0
15:15:51.472 , 0
15:15:56.485 , 0
15:16:01.478 , 0
15:16:06.476 , 0
15:16:11.477 , 0
15:16:16.489 , 0
15:16:21.466 , 0
15:16:26.474 , 0
15:16:31.475 , 0
15:16:36.470 , 0
15:16:41.516 , 0
15:16:46.493 , 0
15:16:51.475 , 0
15:16:56.485 , 0
15:17:01.484 , 0
15:17:06.474 , 0
15:17:11.471 , 0
15:17:16.481 , 0
15:17:21.505 , 0
15:17:26.480 , 0
15:17:31.478 , 0
15:17:36.480 , 0
15:17:41.500 , 0
15:17:46.475 , 0
15:17:51.503 , 0
15:17:56.545 , 0
15:18:01.495 , 0
15:18:06.691 , 0
15:18:11.544 , 0
15:18:16.626 , 0
15:18:21.693 , 0
15:18:26.494 , 0
15:18:31.499 , 0
15:18:36.485 , 0
15:18:41.521 , 0
15:18:46.494 , 0
15:18:51.488 , 0
15:18:56.508 , 0
15:19:01.492 , 0
15:19:06.492 , 0
15:19:11.516 , 0
15:19:16.531 , 0
15:19:21.588 , 0
15:19:26.535 , 0
15:19:31.737 , 0
15:19:36.649 , 0
15:19:41.622 , 0
15:19:46.495 , 0
15:19:51.493 , 0
15:19:56.505 , 0
15:20:01.511 , 0
15:20:06.506 , 0
15:20:11.515 , 0
15:20:16.500 , 0
15:20:21.485 , 0
15:20:26.498 , 0
15:20:31.546 , 0
15:20:36.510 , 0
15:20:41.509 , 0
15:20:46.584 , 0
15:20:51.521 , 0
15:20:56.626 , 0
15:21:01.531 , 0
15:21:06.523 , 0
15:21:11.503 , 0
15:21:16.527 , 0
15:21:21.498 , 0
15:21:26.491 , 0
15:21:31.514 , 0
15:21:36.528 , 0
15:21:41.531 , 0
15:21:46.501 , 0
15:21:51.530 , 0
15:21:56.519 , 0
15:22:01.496 , 0
15:22:06.579 , 0
15:22:11.784 , 0
15:22:16.587 , 0
15:22:21.800 , 0
15:22:26.572 , 0
15:22:31.522 , 0
15:22:36.505 , 0
15:22:36.505 , 0
15:22:36.505 , 0
15:22:36.505 , 0
15:22:36.505 , 0
15:22:36.505 , 0
15:22:36.505 , 0
15:22:36.505 , 0
15:22:36.505 , 0
15:22:36.505 , 0
15:22:36.505 , 0
15:22:36.505 , 0
15:22:36.505 , 0
15:22:36.505 , 0
15:22:36.505 , 0
15:22:36.505 , 0
15:22:36.505 , 0
15:22:36.505 , 0
15:22:36.505 , 0
15:22:36.505 , 0
15:22:36.505 , 0
15:22:36.505 , 0
15:22:36.505 , 0
15:22:36.505 , 0
15:22:36.505 , 0
15:22:36.505 , 0
15:22:36.505 , 0
15:22:36.505 , 0
15:22:36.505 , 0
15:22:36.505 , 0
15:22:36.505 , 0
15:22:36.505 , 0
15:22:36.505 , 0
15:22:36.505 , 0
15:22:36.505 , 0
15:22:36.505 , 0
